id,sku,product_name,short_description,price,list_price,origin_price,discount,discount_rate,all_time_quantity_sold,rating_average,review_count,inventory_status,stock_item_qty,stock_item_max_sale_qty,brand_id,brand_name,url_key,url_path,thumbnail_url,options,specification,variations,date
321436,0220042002559,Laptop Acer Aspire 3 A315 44P R9W8 R7 5700U/8GB/512GB/Win11 (NX.KSJSV.002),Laptop Acer Aspire A315 44P R9W8 R7 5700U (NX.KSJSV.002) chiếc laptop sở hữu một thiết kế vô cùng thanh lịch; tao nhã đi cùng với nó là cấu hình "nhẹ nhàng" phù hợp cho các bạn học sinh; sinh viên hoặc nhân viên văn phòng thiên về các ngành kinh tế nằm trong phân khúc giá.,10690000,12990000,12990000,2300000,17,,4.9,49,availability,42,22,44,Acer,acer-aspire-a315-44p-r9w8-r7-nxksjsv002,/laptop/acer-aspire-a315-44p-r9w8-r7-nxksjsv002,https://cdn.tgdd.vn/Products/Images/44/321436/acer-aspire-a315-44p-r9w8-r7-nxksjsv002-thumb-600x600.jpg,{"Cấu hình":["RAM 8 GB" "SSD 512 GB"]},{"screen":"Màn hình: 15.6\"; Full HD (1920 x 1080)";"cpu":"CPU: Ryzen 7; 5700U; 1.8GHz";"weight":"Khối lượng: 1.7 kg";"battery":"Pin: 3-cell; 50Wh";"card":"Card: Radeon"},[],2024-12-09
326637,0220042002712,Laptop Acer Aspire Lite 14 51M 59BN i5 1235U/16GB/512GB/Win11 (NX.KTXSV.001),Chiếc laptop Acer Aspire Lite 14 51M 59BN i5 1235U (NX.KTXSV.001) không chỉ gây ấn tượng bởi thiết kế thanh lịch; mà còn nổi bật với cấu hình phần cứng mạnh mẽ so với các mẫu laptop cùng phân khúc. Đây là chiếc máy lý tưởng cho việc học tập và làm việc văn phòng; mang lại trải nghiệm sử dụng và giải trí tuyệt vời.,13490000,14990000,14990000,1500000,10,,5,5,availability,42,22,44,Acer,acer-aspire-lite-14-51m-59bn-i5-nxktxsv001,/laptop/acer-aspire-lite-14-51m-59bn-i5-nxktxsv001,https://cdn.tgdd.vn/Products/Images/44/326637/acer-aspire-lite-14-51m-59bn-i5-nxktxsv001-100624-101857-600x600.jpg,{"Cấu hình":["RAM 16 GB" "SSD 512 GB"]},{"screen":"Màn hình: 14\"; Full HD+ (1920 x 1200)";"cpu":"CPU: i5; 1235U; 1.3GHz";"weight":"Khối lượng: 1.5 kg";"battery":"Pin: 3-cell Li-ion; 58 Wh";"card":"Card: Intel UHD"},[],2024-12-09
322222,0220042002575,Laptop Acer Aspire 3 A314 42P R3B3 R7 5700U/16GB/512GB/Win11 (NX.KSFSV.001),Mẫu máy tính xách tay văn phòng quốc dân; laptop Acer Aspire 3 A314 42P R3B3 R7 5700U (NX.KSFSV.001) với bộ thông số cấu hình ổn định cho mọi công việc và giải trí cá nhân; kiểu dáng thanh lịch cùng kích thước nhỏ gọn là sự lựa chọn hoàn hảo theo xu thế ngày nay.,11490000,13990000,13990000,2500000,17,,4.9,49,availability,42,22,44,Acer,acer-aspire-3-a314-42p-r3b3-r7-nxksfsv001?utm_flashsale=1,/laptop/acer-aspire-3-a314-42p-r3b3-r7-nxksfsv001?utm_flashsale=1,https://cdn.tgdd.vn/Products/Images/44/322222/TimerThumb/322222-thumb.png,{"Cấu hình":["RAM 16 GB" "SSD 512 GB"]},{"screen":"Màn hình: 14\"; WUXGA";"cpu":"CPU: Ryzen 7; 5700U; 1.8GHz";"weight":"Khối lượng: 1.4 kg";"battery":"Pin: 3-cell; 50Wh";"card":"Card: Radeon"},[],2024-12-09
329075,0220042002817,Laptop Acer Aspire 3 A315 58 529V i5 1135G7/8GB/256GB/Win11 (NX.ADDSV.00N),Khám phá sự kết hợp hoàn hảo giữa sự sang trọng và hiệu suất ổn định với mẫu laptop Acer Aspire 3 A315 58 529V i5 1135G7 (NX.ADDSV.00N). Với thiết kế thanh lịch và tinh tế; chiếc laptop này không chỉ thu hút mọi ánh nhìn mà còn hứa hẹn mang đến những trải nghiệm làm việc và giải trí phù hợp với nhiều người dùng hiện nay.,8990000,10990000,10990000,2000000,18,,4.9,49,availability,42,22,44,Acer,acer-aspire-3-a315-58-529v-i5-nxaddsv00n,/laptop/acer-aspire-3-a315-58-529v-i5-nxaddsv00n,https://cdn.tgdd.vn/Products/Images/44/329075/acer-aspire-3-a315-58-529v-i5-nxaddsv00n-140924-125407-600x600.jpg,{"Cấu hình":["RAM 8 GB" "SSD 256 GB"]},{"screen":"Màn hình: 15.6\"; Full HD (1920 x 1080)";"cpu":"CPU: i5; 1135G7; 2.4GHz";"weight":"Khối lượng: 1.7 kg";"battery":"Pin: 2-cell; 36.7Wh";"card":"Card: Intel Iris Xe"},[],2024-12-09
326875,0220042002736,Laptop Acer Aspire Lite 14 51M 36MH i3 1215U/8GB/256GB/Win11 (NX.KTVSV.001),Laptop Acer Aspire Lite 14 51M 36MH i3 1215U (NX.KTVSV.001) luôn chiếm sự ưu ái cao của người dùng trong phân khúc máy tính xách tay giá rẻ bởi thiết kế sang trọng; hiện đại; cấu hình ổn định và tính ứng dụng cao trong công việc.,9190000,10490000,10490000,1300000,12,,5,5,availability,42,22,44,Acer,acer-aspire-lite-14-51m-36mh-i3-nxktvsv001,/laptop/acer-aspire-lite-14-51m-36mh-i3-nxktvsv001,https://cdn.tgdd.vn/Products/Images/44/326875/acer-aspire-lite-14-51m-36mh-i3-nxktvsv001-thumb-600x600.jpg,{"Cấu hình":["RAM 8 GB" "SSD 256 GB"]},{"screen":"Màn hình: 14\"; Full HD+ (1920 x 1200)";"cpu":"CPU: i3; 1215U; 1.2GHz";"weight":"Khối lượng: 1.5 kg";"battery":"Pin: 3-cell Li-ion; 58 Wh";"card":"Card: Intel UHD"},[],2024-12-09
326876,0220042002737,Laptop Acer Aspire Lite 14 51M 36PN i3 1215U/8GB/512GB/Win11 (NX.KTWSV.001),Laptop Acer Aspire Lite 14 51M 36PN i3 1215U (NX.KTWSV.001) mẫu máy học tập; văn phòng sở hữu sự cân bằng vượt trội với tính ứng dụng cao; giá thành kinh tế lại còn có thiết kế vô cùng hiện đại. Mẫu laptop chính là một phiên bản hoàn hảo cho những ai tìm kiếm một công cụ làm việc đa năng với mức giá thành thấp.,9690000,10990000,10990000,1300000,11,,5,5,availability,42,22,44,Acer,acer-aspire-lite-14-51m-36pn-i3-nxktwsv001,/laptop/acer-aspire-lite-14-51m-36pn-i3-nxktwsv001,https://cdn.tgdd.vn/Products/Images/44/326876/acer-aspire-lite-14-51m-36pn-i3-nxktwsv001-thumb-600x600.jpg,{"Cấu hình":["RAM 8 GB" "SSD 512 GB"]},{"screen":"Màn hình: 14\"; Full HD+ (1920 x 1200)";"cpu":"CPU: i3; 1215U; 1.2GHz";"weight":"Khối lượng: 1.5 kg";"battery":"Pin: 3-cell Li-ion; 58 Wh";"card":"Card: Intel UHD"},[],2024-12-09
330169,0220042002838,Laptop Acer Predator Helios Neo PHN16 71 53M7 i5 13500HX/16GB/512GB/8GB RTX4060/165Hz/Win11 (NH.QLUSV.005),Laptop Acer Predator Helios Neo PHN16 71 53M7 i5 13500HX (NH.QLUSV.005) là sự lựa chọn hàng đầu cho các game thủ và người làm việc chuyên nghiệp cần một chiếc máy tính mạnh mẽ; hiệu suất cao. Đây là mẫu laptop gaming mang trong mình sức mạnh đỉnh cao với cấu hình vượt trội từ chip Intel dòng HX hiệu năng cao; card đồ họa rời RTX 40 series; mang đến trải nghiệm mượt mà cho cả chơi game lẫn xử lý công việc đồ họa.,25490000,37990000,37990000,12500000,32,,4.9,49,availability,42,22,44,Acer,acer-predator-helios-neo-phn16-71-53m7-i5-nhqlusv005,/laptop/acer-predator-helios-neo-phn16-71-53m7-i5-nhqlusv005,https://cdnv2.tgdd.vn/mwg-static/tgdd/Products/Images/44/330169/acer-predator-helios-neo-phn16-71-53m7-i5-nhqlusv005-thumb-638627244359058726-600x600.jpg,{"Cấu hình":["RAM 16 GB" "SSD 512 GB"]},{"screen":"Màn hình: 16\"; WUXGA; 165Hz";"cpu":"CPU: i5; 13500HX; 2.5GHz";"weight":"Khối lượng: 2.6 kg";"battery":"Pin: 4-cell; 90Wh";"card":"Card: RTX 4060 8GB"},[],2024-12-09
330168,0220042002839,Laptop Acer Aspire 5 A514 56P 742F i7 1355U/16GB/512GB/Win11 (NX.KHRSV.005),Dòng laptop Acer Aspire luôn ghi điểm với người dùng nhờ sự cân bằng tuyệt vời giữa giá cả và hiệu năng. Phiên bản laptop Acer Aspire 5 A514 56P 742F i7 1355U (NX.KHRSV.005) duy trì điều đó khá tốt với thiết kế thanh lịch; cấu hình mạnh mẽ và màn hình WUXGA sắc nét; mang lại trải nghiệm học tập; làm việc và giải trí hoàn hảo cho phân khúc tầm trung.,13990000,19990000,19990000,6000000,30,,5,5,availability,42,22,44,Acer,acer-aspire-5-a514-56p-742f-i7-nxkhrsv005,/laptop/acer-aspire-5-a514-56p-742f-i7-nxkhrsv005,https://cdnv2.tgdd.vn/mwg-static/tgdd/Products/Images/44/330168/acer-aspire-5-a514-56p-742f-i7-nxkhrsv005-thumb-638628535714824429-600x600.jpg,{"Cấu hình":["RAM 16 GB" "SSD 512 GB"]},{"screen":"Màn hình: 14\"; WUXGA";"cpu":"CPU: i7; 1355U; 1.7GHz";"weight":"Khối lượng: 1.5 kg";"battery":"Pin: 3-cell; 50Wh";"card":"Card: Intel Iris Xe"},[],2024-12-09
314630,0220042002427,Laptop Acer Gaming Aspire 5 A515 58GM 51LB i5 13420H/16GB/512GB/4GB RTX2050/Win11 (NX.KQ4SV.002),Mẫu laptop gaming với mức giá tầm trung đến từ thương hiệu Acer vừa được lên kệ tại Thế Giới Di Động; sở hữu hiệu năng mạnh mẽ với con chip Intel Gen 13 dòng H hiệu năng cao; RAM 16 GB; card rời RTX cùng nhiều tính năng hiện đại. Laptop Acer Aspire 5 Gaming A515 58GM 51LB i5 13420H (NX.KQ4SV.002) chắc chắn sẽ mang đến cho bạn những trải nghiệm sử dụng và chiến game giải trí tuyệt vời.,16490000,20490000,20490000,4000000,19,,4.9,49,availability,42,22,44,Acer,acer-aspire-5-a515-58gm-51lb-i5-nxkq4sv002,/laptop/acer-aspire-5-a515-58gm-51lb-i5-nxkq4sv002,https://cdn.tgdd.vn/Products/Images/44/314630/acer-aspire-5-a515-58gm-51lb-i5-nxkq4sv002-170923-015941-600x600.jpg,{"Cấu hình":["RAM 16 GB" "SSD 512 GB"]},{"screen":"Màn hình: 15.6\"; Full HD (1920 x 1080)";"cpu":"CPU: i5; 13420H; 2.1GHz";"weight":"Khối lượng: 1.7 kg";"battery":"Pin: 3-cell; 50Wh";"card":"Card: RTX 2050 4GB"},[],2024-12-09
307185,0220042002272,Laptop Acer Aspire 5 A515 58P 34RJ i3 1315U/8GB/512GB/Win11 (NX.KHJSV.003),Laptop Acer Aspire 5 A515 58P 34RJ i3 1315U (NX.KHJSV.003) sở hữu cấu hình mạnh mẽ từ bộ vi xử lý Intel thế hệ 13 hoàn toàn mới và ngoại hình thời thượng; sang trọng. Một chiếc laptop học tập - văn phòng đáng để bạn cân nhắc sở hữu cho công việc cũng như giải trí hàng ngày.,10490000,13090000,13090000,2600000,19,,4.9,49,availability,42,22,44,Acer,acer-aspire-5-a515-58p-34rj-i3-nxkhjsv003,/laptop/acer-aspire-5-a515-58p-34rj-i3-nxkhjsv003,https://cdn.tgdd.vn/Products/Images/44/307185/acer-aspire-5-a515-58p-34rj-i3-nxkhjsv003-thumb-600x600.png,{"Cấu hình":["RAM 8 GB" "SSD 512 GB"]},{"screen":"Màn hình: 15.6\"; Full HD (1920 x 1080)";"cpu":"CPU: i3; 1315U; 1.2GHz";"weight":"Khối lượng: 1.7 kg";"battery":"Pin: 3-cell; 50Wh";"card":"Card: Intel UHD"},[],2024-12-09
329337,0220042002826,Laptop Acer Gaming Nitro AN515 58 773Y i7 12700H/16GB/512GB/4GB RTX3050Ti/144Hz/Win11 (NH.QFKSV.001.16G),Laptop Acer Gaming Nitro AN515 58 773Y i7 12700H (NH.QFKSV.001.16G) không chỉ đáp ứng hoàn hảo mọi nhu cầu mà còn vượt trội hơn với hàng loạt tính năng tiên tiến; mang lại trải nghiệm tuyệt vời cho người dùng ở mọi khía cạnh. Từ sức mạnh phần cứng đến thiết kế; chiếc máy này chắc chắn sẽ trở thành "vũ khí" giúp bạn thăng hoa trong từng trận đấu.,22990000,33790000,33790000,10800000,31,,5,5,availability,42,22,44,Acer,acer-nitro-an515-58-773y-i7-12700h-nhqfksv00116g,/laptop/acer-nitro-an515-58-773y-i7-12700h-nhqfksv00116g,https://cdn.tgdd.vn/Products/Images/44/329337/acer-nitro-an515-58-773y-i7-12700h-nhqfksv00116g-260824-111846-600x600.jpg,{"Cấu hình":["RAM 16 GB" "SSD 512 GB"]},{"screen":"Màn hình: 15.6\"; Full HD (1920 x 1080); 144Hz";"cpu":"CPU: i7; 12700H; 2.30 GHz";"weight":"Khối lượng: 2.5 kg";"battery":"Pin: 4-cell; 57.5Wh";"card":"Card: RTX 3050Ti 4GB"},[],2024-12-09
332578,0220042002953,Laptop Acer Aspire 7 A715 76 53PJ i5 12450H/16GB/512GB/Win11 (NH.QGESV.007),N/A,13990000,15990000,15990000,2000000,12,,0,0,availability,42,22,44,Acer,acer-aspire-7-a715-76-53pj-i5-nhqgesv007,/laptop/acer-aspire-7-a715-76-53pj-i5-nhqgesv007,https://cdnv2.tgdd.vn/mwg-static/tgdd/Products/Images/44/332578/acer-aspire-7-a715-76-53pj-i5-nhqgesv007-thumb-638684900833732192-600x600.jpg,{"Cấu hình":["RAM 16 GB" "SSD 512 GB"]},{"screen":"Màn hình: 15.6\"; Full HD (1920 x 1080)";"cpu":"CPU: i5; 12450H; 2GHz";"weight":"Khối lượng: 2.1 kg";"battery":"Pin: 3-cell; 50Wh";"card":"Card: Intel UHD"},[],2024-12-09
304543,0220042002205,Laptop Acer Aspire 3 A315 59 5283 i5 1235U/8GB/512GB/Win11 (NX.K6TSV.00B),Laptop Acer Aspire 3 A315 59 5283 i5 (NX.K6TSV.00B) là một trong những sản phẩm nổi bật của thương hiệu Acer trong phân khúc tầm trung; được thiết kế để đáp ứng nhu cầu của người dùng về đa nhiệm; hỗ trợ cho các tác vụ làm việc văn phòng; học tập hay giải trí.,12990000,15990000,15990000,3000000,18,,4.9,49,availability,42,22,44,Acer,acer-aspire-3-a315-59-5283-i5-nxk6tsv00b,/laptop/acer-aspire-3-a315-59-5283-i5-nxk6tsv00b,https://cdn.tgdd.vn/Products/Images/44/304543/acer-aspire-3-a315-59-5283-i5-nxk6tsv00b-thumb-600x600.jpg,{"Cấu hình":["RAM 8 GB" "SSD 512 GB"]},{"screen":"Màn hình: 15.6\"; Full HD (1920 x 1080)";"cpu":"CPU: i5; 1235U; 1.3GHz";"weight":"Khối lượng: 1.7 kg";"battery":"Pin: 3-cell; 40Wh";"card":"Card: Intel UHD"},[],2024-12-09
330167,0220042002840,Laptop Acer Aspire 5 A515 58P 774R i7 1355U/16GB/512GB/Win11 (NX.KHJSV.005),Laptop Acer Aspire 5 A515 58P 774R i7 1355U (NX.KHJSV.005) - giải pháp công việc; học tập hoàn hảo cho mọi đối tượng người dùng; máy còn đáp ứng được tốt các nhu cầu giải trí đa phương tiện. Trải nghiệm ngay công cụ hữu ích này tại Thế Giới Di Động với mức giá cực kì ưu đãi lại sở hữu nhiều tính năng hiện đại.,13990000,19990000,19990000,6000000,30,,5,5,availability,42,22,44,Acer,acer-aspire-5-a515-58p-774r-i7-nxkhjsv005,/laptop/acer-aspire-5-a515-58p-774r-i7-nxkhjsv005,https://cdnv2.tgdd.vn/mwg-static/tgdd/Products/Images/44/330167/acer-aspire-5-a515-58p-774r-i7-nxkhjsv005-thumb-638628538439370885-600x600.jpg,{"Cấu hình":["RAM 16 GB" "SSD 512 GB"]},{"screen":"Màn hình: 15.6\"; Full HD (1920 x 1080)";"cpu":"CPU: i7; 1355U; 1.7GHz";"weight":"Khối lượng: 1.7 kg";"battery":"Pin: 3-cell; 50Wh";"card":"Card: Intel Iris Xe"},[],2024-12-09
323587,0220042002633,Laptop Acer Aspire 5 A515 58M 56YX i5 13420H/16GB/512GB/Win11 (NX.KQ8SV.005),Laptop Acer Aspire 5 A515 58M 56YX i5 13420H (NX.KQ8SV.005) là một trong những sự lựa chọn đáng chú ý trong phân khúc laptop cận trung cấp hiện nay. Với thiết kế tinh tế; hiệu suất mạnh mẽ và giá cả phải chăng; sản phẩm này hứa hẹn mang lại trải nghiệm đáng giá cho bạn.,14690000,17490000,17490000,2800000,16,,5,5,availability,42,22,44,Acer,acer-aspire-5-a515-58m-56yx-i5-nxkq8sv005,/laptop/acer-aspire-5-a515-58m-56yx-i5-nxkq8sv005,https://cdn.tgdd.vn/Products/Images/44/323587/acer-aspire-5-a515-58m-56yx-i5-nxkq8sv005-290624-013508-600x600.png,{"Cấu hình":["RAM 16 GB" "SSD 512 GB"]},{"screen":"Màn hình: 15.6\"; Full HD (1920 x 1080)";"cpu":"CPU: i5; 13420H; 2.1GHz";"weight":"Khối lượng: 1.7 kg";"battery":"Pin: 3-cell; 50Wh";"card":"Card: Intel UHD"},[],2024-12-09
325699,0220042002685,Laptop Acer Gaming Aspire 5 A515 58GM 53PZ i5 13420H/8GB/512GB/4GB RTX2050/Win11 (NX.KQ4SV.008),Laptop Acer Gaming Aspire 5 A515 58GM 53PZ i5 13420H (NX.KQ4SV.008) nổi lên như một "ngôi sao sáng" trong phân khúc laptop cận trung cấp; thu hút sự chú ý của đông đảo người dùng. Sở hữu thiết kế tinh tế; hiệu năng ấn tượng từ chip Intel thế hệ 13 cùng mức giá hợp lý; sản phẩm này hứa hẹn sẽ mang đến cho bạn trải nghiệm giải trí và làm việc tuyệt vời.,15490000,20490000,20490000,5000000,24,,4.9,49,availability,42,22,44,Acer,acer-aspire-a515-58gm-53pz-i5-nxkq4sv008,/laptop/acer-aspire-a515-58gm-53pz-i5-nxkq4sv008,https://cdn.tgdd.vn/Products/Images/44/325699/acer-aspire-a515-58gm-53pz-i5-nxkq4sv008-thumb-1-600x600.jpg,{"Cấu hình":["RAM 8 GB" "SSD 512 GB"]},{"screen":"Màn hình: 15.6\"; Full HD (1920 x 1080)";"cpu":"CPU: i5; 13420H; 2.1GHz";"weight":"Khối lượng: 1.7 kg";"battery":"Pin: 50 Wh";"card":"Card: RTX 2050 4GB"},[],2024-12-09
313177,0220042002380,Laptop Acer Gaming Aspire 7 A715 76G 5806 i5 12450H/16GB/512GB/4GB RTX3050/144Hz/Win11 (NH.QMFSV.002),Laptop Acer Aspire 7 Gaming A715 76G 5806 i5 12450H (NH.QMFSV.002) đến từ nhà Acer với các thông số cấu hình đầy mạnh mẽ; card rời RTX 30 series cũng như sở hữu một mức giá thành lý tưởng; chắc chắn sẽ mang đến cho anh em những trải nghiệm tuyệt vời.,18490000,22990000,22990000,4500000,19,,4.9,49,availability,42,22,44,Acer,acer-aspire-7-gaming-a715-76g-5806-i5-nhqmfsv002,/laptop/acer-aspire-7-gaming-a715-76g-5806-i5-nhqmfsv002,https://cdn.tgdd.vn/Products/Images/44/313177/acer-aspire-7-gaming-a715-76g-5806-i5-nhqmfsv002-thumb-600x600.jpg,{"Cấu hình":["RAM 16 GB" "SSD 512 GB"]},{"screen":"Màn hình: 15.6\"; Full HD (1920 x 1080); 144Hz";"cpu":"CPU: i5; 12450H; 2GHz";"weight":"Khối lượng: 2.1 kg";"battery":"Pin: 3-cell; 50Wh";"card":"Card: RTX 3050 4GB"},[],2024-12-09
327508,0220042002758,Laptop Acer Aspire Lite AL16 51P 596H i5 1235U/8GB/512GB/Win11 (NX.KWZSV.002),Bạn đang tìm kiếm một chiếc laptop đáp ứng tốt nhu cầu học tập; văn phòng và giải trí nhẹ nhàng? Laptop Acer Aspire Lite AL16 51P 596H i5 1235U (NX.KWZSV.002) là lựa chọn hoàn hảo dành cho bạn với hiệu năng mạnh mẽ; màn hình đẹp; thiết kế thanh lịch và giá cả hợp lý. Sự cân bằng hoàn hảo nhưng hiện tại đang có một mức giá vô cùng tốt tại Thế Giới Di Động.,12690000,13990000,13990000,1300000,9,,5,5,availability,42,22,44,Acer,acer-aspire-lite-al16-51p-596h-i5-nxkwzsv002,/laptop/acer-aspire-lite-al16-51p-596h-i5-nxkwzsv002,https://cdn.tgdd.vn/Products/Images/44/327508/acer-aspire-lite-al16-51p-596h-i5-nxkwzsv002-thumb-600x600.jpg,{"Cấu hình":["RAM 8 GB" "SSD 512 GB"]},{"screen":"Màn hình: 16\"; WUXGA";"cpu":"CPU: i5; 1235U; 1.3GHz";"weight":"Khối lượng: 1.7 kg";"battery":"Pin: 3-cell Li-ion; 58 Wh";"card":"Card: Intel UHD"},[],2024-12-09
320870,0220042002547,Laptop Acer Aspire Lite 15 51M 5542 i5 1155G7/16GB/512GB/Win11 (NX.KS5SV.001),Laptop Acer Aspire Lite 15 51M 5542 i5 1155G7 (NX.KS5SV.001) đưa đến một trải nghiệm toàn diện cho người dùng với sự kết hợp độc đáo giữa thiết kế thanh lịch; hiệu suất ổn định và tính năng đa dạng. Sản phẩm hứa hẹn mang lại sự lựa chọn lý tưởng cho những bạn trong phân khúc học sinh; sinh viên và nhân viên văn phòng.,11190000,13990000,13990000,2800000,20,,4.9,49,availability,42,22,44,Acer,acer-aspire-lite-15-51m-5542-i5-nxks5sv001,/laptop/acer-aspire-lite-15-51m-5542-i5-nxks5sv001,https://cdn.tgdd.vn/Products/Images/44/320870/acer-aspire-lite-15-51m-5542-i5-nxks5sv001-thumb-2-600x600.jpg,{"Cấu hình":["RAM 16 GB" "SSD 512 GB"]},{"screen":"Màn hình: 15.6\"; Full HD (1920 x 1080)";"cpu":"CPU: i5; 1155G7; 2.5GHz";"weight":"Khối lượng: 1.7 kg";"battery":"Pin: 36Wh";"card":"Card: Intel Iris Xe"},[],2024-12-09
325697,0220042002684,Laptop Acer Gaming Nitro V ANV15 51 55CA i5 13420H/16GB/512GB/6GB RTX4050/144Hz/Win11 (NH.QN8SV.004),Acer đã mang trở lại dòng sản phẩm Gaming Nitro với diện mạo mới đầy cá tính và hấp dẫn. Chiếc laptop Acer Gaming Nitro V ANV15 51 55CA i5 13420H (NH.QN8SV.004) không chỉ gây ấn tượng mạnh với thiết kế đậm cá tính mà còn được trang bị cấu hình mạnh mẽ; hứa hẹn mang lại nhiều xúc cảm tuyệt vời khi chơi game.,24390000,27990000,27990000,3600000,12,,5,5,availability,42,22,44,Acer,acer-nitro-v-anv15-51-55ca-i5-nhqn8sv004,/laptop/acer-nitro-v-anv15-51-55ca-i5-nhqn8sv004,https://cdn.tgdd.vn/Products/Images/44/325697/acer-nitro-v-anv15-51-55ca-i5-nhqn8sv004-thumb-600x600.jpg,{"Cấu hình":["RAM 16 GB" "SSD 512 GB"]},{"screen":"Màn hình: 15.6\"; Full HD (1920 x 1080); 144Hz";"cpu":"CPU: i5; 13420H; 2.1GHz";"weight":"Khối lượng: 2.1 kg";"battery":"Pin: 4-cell; 57Wh";"card":"Card: RTX 4050 6GB"},[],2024-12-09
323920,0220042002635,Laptop HP 15 fd0234TU i5 1334U/16GB/512GB/Win11 (9Q969PA),Tích hợp tuyệt vời với đa dạng chế độ làm việc trong ngày; đẩy cao hiệu suất tư duy sáng tạo cũng như nâng hiệu quả công việc của bạn lên cao nhất với laptop HP 15 fd0234TU i5 1334U (9Q969PA); được tích hợp con chip Gen 13 hiện đại; khối lượng nhẹ nhàng cùng cấu trúc cực kì dễ dàng mang theo bên mình.,17290000,19790000,19790000,2500000,12,,4.9,49,availability,42,22,44,HP,hp-15-fd0234tu-i5-9q969pa,/laptop/hp-15-fd0234tu-i5-9q969pa,https://cdn.tgdd.vn/Products/Images/44/323920/hp-15-fd0234tu-i5-9q969pa-thumb-1-600x600.jpg,{"Cấu hình":["RAM 16 GB" "SSD 512 GB"]},{"screen":"Màn hình: 15.6\"; Full HD (1920 x 1080)";"cpu":"CPU: i5; 1334U; 1.3GHz";"weight":"Khối lượng: 1.59 kg";"battery":"Pin: 3-cell; 41Wh";"card":"Card: Intel Iris Xe"},[],2024-12-09
327098,0220042002745,Laptop HP 15 fc0085AU R5 7430U/16GB/512GB/Win11 (A6VV8PA),Nổi bật và quá thân quen trong phân khúc laptop học tập - văn phòng giá rẻ; chiếc laptop HP 15 fc0085AU R5 7430U (A6VV8PA) với cấu hình ổn định; vận hành hiệu quả mọi tác vụ từ làm việc đến giải trí đa phương tiện. Máy hội tụ đầy đủ các yếu tố để trở thành bạn trợ thủ lý tưởng cho người dùng.,13890000,15190000,15190000,1300000,8,,4.9,49,availability,42,22,44,HP,hp-15-fc0085au-r5-a6vv8pa,/laptop/hp-15-fc0085au-r5-a6vv8pa,https://cdnv2.tgdd.vn/mwg-static/tgdd/Products/Images/44/327098/hp-15-fc0085au-r5-a6vv8pa-thumb-638624255401777068-600x600.jpg,{"Cấu hình":["RAM 16 GB" "SSD 512 GB"]},{"screen":"Màn hình: 15.6\"; Full HD (1920 x 1080)";"cpu":"CPU: Ryzen 5; 7430U; 2.30 GHz";"weight":"Khối lượng: 1.59 kg";"battery":"Pin: 3-cell; 41Wh";"card":"Card: Radeon"},[],2024-12-09
326050,0220042002703,Laptop HP 15 fd0303TU i3 1315U/8GB/512GB/Win11 (A2NL4PA),Nếu bạn đang tìm kiếm một chiếc laptop HP cơ bản để phục vụ cho việc học hoặc làm việc văn phòng đến thiết kế đồ họa nhẹ nhàng thì còn chần chừ gì nữa mà không tham khảo ngay laptop HP 15 fd0303TU i3 1315U (A2NL4PA). Sản phẩm này ngoại hình hiện đại; gọn gàng sẵn sàng đồng hành cùng bạn ở bất kì đâu.,11890000,13490000,13490000,1600000,11,,5,5,availability,42,22,44,HP,hp-15-fd0303tu-i3-a2nl4pa,/laptop/hp-15-fd0303tu-i3-a2nl4pa,https://cdn.tgdd.vn/Products/Images/44/326050/hp-15-fd0303tu-i3-a2nl4pa-thumb-1-600x600.jpg,{"Cấu hình":["RAM 8 GB" "SSD 512 GB"]},{"screen":"Màn hình: 15.6\"; Full HD (1920 x 1080)";"cpu":"CPU: i3; 1315U";"weight":"Khối lượng: 1.59 kg";"battery":"Pin: 3-cell; 41Wh";"card":"Card: Intel UHD"},[],2024-12-09
328814,0220042002806,Laptop HP 240 G9 i5 1235U/16GB/512GB/Win11 (AG2J7AT),Nếu bạn đang tìm kiếm một chiếc laptop có thể đồng hành cùng quá trình học tập và làm việc văn phòng; vừa có ngoại hình hiện đại; vừa có mức giá phải chăng; laptop HP 240 G9 i5 1235U (AG2J7AT) chính là lựa chọn lý tưởng.,16490000,19590000,19590000,3100000,15,,5,5,availability,42,22,44,HP,hp-240-g9-i5-ag2j7at,/laptop/hp-240-g9-i5-ag2j7at,https://cdn.tgdd.vn/Products/Images/44/328814/hp-240-g9-i5-ag2j7at-thumb-600x600.jpg,{"Cấu hình":["RAM 16 GB" "SSD 512 GB"]},{"screen":"Màn hình: 14\"; Full HD (1920 x 1080)";"cpu":"CPU: i5; 1235U; 1.3GHz";"weight":"Khối lượng: 1.47 kg";"battery":"Pin: 3-cell; 41Wh";"card":"Card: Intel UHD"},[],2024-12-09
326049,0220042002702,Laptop HP 245 G10 R5 7530U/8GB/512GB/Win11 (A20TDPT),Nếu bạn tìm kiếm cho mình chiếc laptop học tập - văn phòng; xử lý mượt mà đa dạng tác vụ trong học tập và công việc hằng ngày; laptop HP 245 G10 R5 7530U (A20TDPT) sẽ là lựa chọn hợp lý dành cho bạn nhờ sở hữu chip AMD Ryzen 5 7000 series; RAM hay bộ nhớ ổn định cùng thiết kế tinh giản; hiện đại vô cùng.,12490000,14590000,14590000,2100000,14,,4.9,49,availability,42,22,44,HP,hp-245-g10-r5-a20tdpt,/laptop/hp-245-g10-r5-a20tdpt,https://cdn.tgdd.vn/Products/Images/44/326049/hp-245-g10-r5-a20tdpt-thumb-600x600.jpg,{"Cấu hình":["RAM 8 GB" "SSD 512 GB"]},{"screen":"Màn hình: 14\"; Full HD (1920 x 1080)";"cpu":"CPU: Ryzen 5; 7530U; 2GHz";"weight":"Khối lượng: 1.36 kg";"battery":"Pin: 3-cell; 41Wh";"card":"Card: Radeon"},[],2024-12-09
325691,0220042002694,Laptop HP 15 fd0015TU i7 1355U/16GB/512GB/Win11 (A19C5PA),Laptop HP 15 fd0015TU i7 A19C5PA là sự lựa chọn lý tưởng cho những ai cần một chiếc máy tính xách tay mạnh mẽ và đa năng. Với hiệu năng mạnh mẽ; thiết kế trang nhã và màn hình 15.6 inch sắc nét máy đáp ứng mọi nhu cầu sử dụng hằng ngày của bạn.,21390000,21990000,21990000,600000,0,,4.9,49,availability,42,22,44,HP,hp-15-fd0015tu-i7-a19c5pa,/laptop/hp-15-fd0015tu-i7-a19c5pa,https://cdn.tgdd.vn/Products/Images/44/325691/hp-15-fd0015tu-i7-a19c5pa-thumb-1-600x600.jpg,{"Cấu hình":["RAM 16 GB" "SSD 512 GB"]},{"screen":"Màn hình: 15.6\"; Full HD (1920 x 1080)";"cpu":"CPU: i7; 1355U; 1.7GHz";"weight":"Khối lượng: 1.59 kg";"battery":"Pin: 3-cell; 41Wh";"card":"Card: Intel Iris Xe"},[],2024-12-09
311176,0220042002356,Laptop HP Pavilion 15 eg3093TU i5 1335U/16GB/512GB/Win11 (8C5L4PA),Laptop HP Pavilion 15 eg3093TU i5 1335U (8C5L4PA) có hiệu năng tốt với bộ vi xử lý mạnh mẽ từ CPU Gen 13; RAM 16 GB đáp ứng đa dạng nhu cầu sử dụng của bạn. Điều này làm cho chiếc laptop này trở thành lựa chọn hấp dẫn cho công việc văn phòng; giải trí và sử dụng hàng ngày.,19290000,21290000,21290000,2000000,9,,4.9,49,availability,42,22,44,HP,hp-pavilion-15-eg3093tu-i5-8c5l4pa,/laptop/hp-pavilion-15-eg3093tu-i5-8c5l4pa,https://cdn.tgdd.vn/Products/Images/44/311176/hp-pavilion-15-eg3093tu-i5-8c5l4pa-glr-thumb-600x600.jpg,{"Cấu hình":["RAM 16 GB" "SSD 512 GB"]},{"screen":"Màn hình: 15.6\"; Full HD (1920 x 1080)";"cpu":"CPU: i5; 1335U; 1.3GHz";"weight":"Khối lượng: 1.69 kg";"battery":"Pin: 3-cell; 41Wh";"card":"Card: Intel Iris Xe"},[],2024-12-09
328906,0220042002808,Laptop HP 240 G9 i3 1215U/8GB/512GB/Win11 (AG2J5AT),,11490000,13690000,13690000,2200000,16,,5,5,availability,42,22,44,HP,hp-240-g9-i3-ag2j5at,/laptop/hp-240-g9-i3-ag2j5at,https://cdn.tgdd.vn/Products/Images/44/328906/hp-240-g9-i3-ag2j5at-150824-034345-600x600.jpg,{"Cấu hình":["RAM 8 GB" "SSD 512 GB"]},{"screen":"Màn hình: 14\"; Full HD (1920 x 1080)";"cpu":"CPU: i3; 1215U; 1.2GHz";"weight":"Khối lượng: 1.42 kg";"battery":"Pin: 3-cell; 41Wh";"card":"Card: Intel UHD"},[],2024-12-09
326830,0220042002733,Laptop HP Pavilion X360 14 ek2024TU Core 5 120U/16GB/512GB/Touch/Pen/Win11 (9Z2V6PA),Tính năng sử dụng đa dạng đến từ con chip thế hệ hoàn toàn mới; khả năng gập xoay linh hoạt 360 độ đi cùng nhiều tiện ích sử dụng cảm ứng. Laptop HP Pavilion X360 14 ek2024TU Core 5 120U (9Z2V6PA) mang lại cho người dùng giải quyết trọn vẹn nhất mọi công việc và nhu cầu giải trí đa phương tiện.,23490000,24990000,24990000,1500000,6,,5,5,availability,42,22,44,HP,hp-pavilion-x360-14-ek2024tu-core-5-9z2v6pa,/laptop/hp-pavilion-x360-14-ek2024tu-core-5-9z2v6pa,https://cdn.tgdd.vn/Products/Images/44/326830/hp-pavilion-x360-14-ek2024tu-core-5-9z2v6pa-thumb-new-600x600.jpg,{"Cấu hình":["RAM 16 GB" "SSD 512 GB"]},{"screen":"Màn hình: 14\"; Full HD (1920 x 1080); Cảm ứng";"cpu":"CPU: Core 5; 120U; 1.4GHz";"weight":"Khối lượng: 1.51 kg";"battery":"Pin: 3-cell; 43Wh";"card":"Card: Intel Graphics"},[],2024-12-09
318163,0220042002467,Laptop HP Gaming VICTUS 15 fa1139TX i5 12450H/16GB/512GB/4GB RTX2050/144Hz/Win11 (8Y6W3PA),Dòng Gaming Victus là một mẫu laptop gaming độc đáo từ thiết kế đến hiệu năng của nhà HP. Chỉ với một mức giá tầm trung là bạn có thể sở hữu ngay chiếc laptop HP Gaming VICTUS 15 fa1139TX i5 12450H (8Y6W3PA) có thể cân mượt các tựa game cũng như hỗ trợ làm việc tối ưu nhất.,19990000,24590000,24590000,4600000,18,,4.9,49,availability,42,22,44,HP,hp-victus-15-fa1139tx-i5-8y6w3pa,/laptop/hp-victus-15-fa1139tx-i5-8y6w3pa,https://cdn.tgdd.vn/Products/Images/44/318163/hp-victus-15-fa1139tx-i5-8y6w3pa-thumb-600x600.jpg,{"Cấu hình":["RAM 16 GB" "SSD 512 GB"]},{"screen":"Màn hình: 15.6\"; Full HD (1920 x 1080); 144Hz";"cpu":"CPU: i5; 12450H; 2GHz";"weight":"Khối lượng: 2.29 kg";"battery":"Pin: 3-cell; 52.5Wh";"card":"Card: RTX 2050 4GB"},[],2024-12-09
323325,0220042002636,Laptop HP 240 G10 i5 1335U/16GB/512GB/Win11 (9H2E4PT),Bạn đang muốn tìm kiếm một mẫu laptop mang hiệu năng ổn định; thiết kế hiện đại lại còn sở hữu một mức giá phù hợp kinh tế thì hãy tham khảo ngay laptop HP 240 G10 i5 1335U (9H2E4PT) từ thương hiệu HP nổi tiếng; mang đến cho người dùng những trải nghiệm sử dụng đầy đủ từ làm việc đến giải trí.,17590000,19590000,19590000,2000000,10,,4.9,49,availability,42,22,44,HP,hp-240-g10-i5-9h2e4pt,/laptop/hp-240-g10-i5-9h2e4pt,https://cdn.tgdd.vn/Products/Images/44/323325/hp-240-g10-i5-9h2e4pt-thumb-600x600.jpg,{"Cấu hình":["RAM 16 GB" "SSD 512 GB"]},{"screen":"Màn hình: 14\"; Full HD (1920 x 1080)";"cpu":"CPU: i5; 1335U; 1.3GHz";"weight":"Khối lượng: 1.36 kg";"battery":"Pin: 3-cell; 41Wh";"card":"Card: Intel UHD"},[],2024-12-09
313084,0220042002378,Laptop HP 15s fq5229TU i3 1215U/8GB/512GB/Win11 (8U237PA),Với một mức giá thành lý tưởng; bạn đã có thể sở hữu cho mình một mẫu laptop học tập - văn phòng có hiệu năng ổn định; ngoại hình thanh lịch cùng các tính năng hiện đại. Laptop HP 15s fq5229TU i3 1215U (8U237PA) chắc chắn sẽ đáp ứng đầy đủ nhu cầu làm việc; học tập và giải trí thường ngày của sinh viên cũng như người đi làm.,11190000,13690000,13690000,2500000,18,,4.9,49,availability,42,22,44,HP,hp-15s-fq5229tu-i3-8u237pa?utm_flashsale=1,/laptop/hp-15s-fq5229tu-i3-8u237pa?utm_flashsale=1,https://cdn.tgdd.vn/Products/Images/44/313084/hp-15s-fq5229tu-i3-8u237pa-thumb-600x600.png,{"Cấu hình":["RAM 8 GB" "SSD 512 GB"]},{"screen":"Màn hình: 15.6\"; Full HD (1920 x 1080)";"cpu":"CPU: i3; 1215U; 1.2GHz";"weight":"Khối lượng: 1.69 kg";"battery":"Pin: 3-cell; 41Wh";"card":"Card: Intel UHD"},[],2024-12-09
327097,0220042002744,Laptop HP 15 fd1063TU Ultra 5 125H/16GB/512GB/Win11 (9Z2Y1PA),Laptop HP 15 fd1063TU Ultra 5 125H (9Z2Y1PA) mang hiệu năng vượt trội cùng tính đa nhiệm hiệu quả nhờ con chip thế hệ mới được tích hợp AI; thông số cấu hình ổn định với RAM 16 GB; SSD 512 GB;... Hãy khám phá ngay tính năng tiện lợi mà chiếc laptop học tập - văn phòng này mang lại cho các tác vụ của bạn.,17990000,20990000,20990000,3000000,14,,5,5,availability,42,22,44,HP,hp-15-fd1063tu-ultra-5-9z2y1pa,/laptop/hp-15-fd1063tu-ultra-5-9z2y1pa,https://cdnv2.tgdd.vn/mwg-static/tgdd/Products/Images/44/327097/hp-15-fd1063tu-ultra-5-9z2y1pa-thumb-638624258101656316-600x600.jpg,{"Cấu hình":["RAM 16 GB" "SSD 512 GB"]},{"screen":"Màn hình: 15.6\"; Full HD (1920 x 1080)";"cpu":"CPU: Ultra 5; 125H; 1.2GHz";"weight":"Khối lượng: 1.65 kg";"battery":"Pin: 3-cell; 41Wh";"card":"Card: Intel Graphics"},[],2024-12-09
285963,0220042002045,Laptop HP 240 G9 i5 1235U/8GB/512GB/Win11 (6L1Y2PA),Laptop HP 240 G9 i5 (6L1Y2PA) sẽ là chiếc laptop học tập - văn phòng khó lòng chối từ nếu bạn là sinh viên hoặc dân văn phòng bởi trang bị bộ vi xử lý Intel Gen 12 tân tiến cùng những thông số kỹ thuật ấn tượng.,15690000,18590000,18590000,2900000,15,,4.9,49,availability,42,22,44,HP,hp-240-g9-i5-6l1y2pa,/laptop/hp-240-g9-i5-6l1y2pa,https://cdn.tgdd.vn/Products/Images/44/285963/hp-240-g9-i5-6l1y2pa-thumb-1-600x600.jpg,{"Cấu hình":["RAM 8 GB" "SSD 512 GB"]},{"screen":"Màn hình: 14\"; Full HD (1920 x 1080)";"cpu":"CPU: i5; 1235U; 1.3GHz";"weight":"Khối lượng: 1.47 kg";"battery":"Pin: 3-cell; 41Wh";"card":"Card: Intel UHD"},[],2024-12-09
318165,0220042002466,Laptop HP 240 G8 i3 1115G4/8GB/512GB/Win11 (6L1A2PA),Laptop HP 240 G8 i3 1115G4 (6L1A2PA) là một sự kết hợp giữa thiết kế sang trọng với hiệu suất ổn định cùng khả năng đa nhiệm; làm cho sản phẩm trở thành một sự lựa chọn tốt trong phân khúc laptop học tập - văn phòng.,10290000,12790000,12790000,2500000,19,,4.9,49,availability,42,22,44,HP,hp-240-g8-i3-6l1a2pa,/laptop/hp-240-g8-i3-6l1a2pa,https://cdn.tgdd.vn/Products/Images/44/318165/hp-240-g8-i3-6l1a2pa-glr-thumb-600x600.jpg,{"Cấu hình":["RAM 8 GB" "SSD 512 GB"]},{"screen":"Màn hình: 14\"; Full HD (1920 x 1080)";"cpu":"CPU: i3; 1115G4; 3GHz";"weight":"Khối lượng: 1.4 kg";"battery":"Pin: 3-cell; 41Wh";"card":"Card: Intel UHD"},[],2024-12-09
305917,0220042002244,Laptop HP 15s fq5147TU i7 1255U/8GB/512GB/Win11 (7C133PA),Laptop HP 15s fq5147TU i7 1255U (7C133PA) được trang bị bộ vi xử lý Intel Core i7 thế hệ 12 cùng những tính năng hấp dẫn khác; giúp người dùng có thể thực hiện các công việc hàng ngày một cách dễ dàng; hiệu quả.,13990000,20890000,20890000,6900000,33,,4.9,49,availability,42,22,44,HP,hp-15s-fq5147tu-i7-7c133pa?utm_flashsale=1,/laptop/hp-15s-fq5147tu-i7-7c133pa?utm_flashsale=1,https://cdn.tgdd.vn/Products/Images/44/305917/TimerThumb/305917-thumb.png,{"Cấu hình":["RAM 8 GB" "SSD 512 GB"]},{"screen":"Màn hình: 15.6\"; Full HD (1920 x 1080)";"cpu":"CPU: i7; 1255U; 1.7GHz";"weight":"Khối lượng: 1.69 kg";"battery":"Pin: 3-cell; 41Wh";"card":"Card: Intel Iris Xe"},[],2024-12-09
311114,0220042002358,Laptop HP 240 G9 i3 1215U/8GB/256GB/Win11 (6L1X7PA),Sở hữu ngoại hình thanh lịch; tinh tế; hiệu năng ổn định đáp ứng đa tác vụ cùng mức giá hợp lý là những ưu điểm khiến laptop HP 240 G9 i3 1215U (6L1X7PA) trở thành một mẫu laptop học tập - văn phòng lý tưởng cho sinh viên và dân văn phòng.,10790000,12990000,12990000,2200000,16,,4.9,49,availability,42,22,44,HP,hp-240-g9-i3-6l1x7pa?utm_flashsale=1,/laptop/hp-240-g9-i3-6l1x7pa?utm_flashsale=1,https://cdn.tgdd.vn/Products/Images/44/311114/hp-240-g9-i3-6l1x7pa-thumb-600x600.jpg,{"Cấu hình":["RAM 8 GB" "SSD 256 GB"]},{"screen":"Màn hình: 14\"; Full HD (1920 x 1080)";"cpu":"CPU: i3; 1215U; 1.2GHz";"weight":"Khối lượng: 1.41 kg";"battery":"Pin: 3-cell; 41Wh";"card":"Card: Intel UHD"},[],2024-12-09
311177,0220042002357,Laptop HP Pavilion 15 eg3091TU i7 1355U/16GB/512GB/Win11 (8C5L2PA),Laptop HP Pavilion 15 eg3091TU i7 1355U (8C5L2PA) sở hữu trong mình hiệu năng vượt trội từ dòng chip Intel thế hệ mới; vẻ ngoài thanh lịch cùng các tiện ích hiện đại. Đây chắc chắn sẽ là mẫu laptop học tập - văn phòng lý tưởng cho sinh viên và người đi làm.,23490000,25290000,25290000,1800000,7,,4.9,49,availability,42,22,44,HP,hp-pavilion-15-eg3091tu-i7-8c5l2pa,/laptop/hp-pavilion-15-eg3091tu-i7-8c5l2pa,https://cdn.tgdd.vn/Products/Images/44/311177/hp-pavilion-15-eg3091tu-i7-8c5l2pa-thumb-600x600.jpg,{"Cấu hình":["RAM 16 GB" "SSD 512 GB"]},{"screen":"Màn hình: 15.6\"; Full HD (1920 x 1080)";"cpu":"CPU: i7; 1355U; 1.7GHz";"weight":"Khối lượng: 1.69 kg";"battery":"Pin: 3-cell; 41Wh";"card":"Card: Intel Iris Xe"},[],2024-12-09
321467,0220042002558,Laptop HP Gaming VICTUS 15 fb1022AX R5 7535HS/16GB/512GB/4GB RTX2050/144Hz/Win11 (94F19PA),Phong cách thiết kế tối giản nhưng vẫn toát lên rõ nét khí thế mạnh mẽ của một mẫu máy chiến game thời thượng; laptop HP Gaming VICTUS 15 fb1022AX R5 7535HS (94F19PA) với những sự trang bị về cấu hình vượt trội sẽ cùng bạn chinh chiến trên mọi đấu trường ảo.,18490000,25490000,25490000,7000000,27,,5,5,availability,42,22,44,HP,hp-victus-15-fb1022ax-r5-94f19pa,/laptop/hp-victus-15-fb1022ax-r5-94f19pa,https://cdn.tgdd.vn/Products/Images/44/321467/hp-victus-15-fb1022ax-r5-94f19pa-thumb-1-600x600.jpg,{"Cấu hình":["RAM 16 GB" "SSD 512 GB"]},{"screen":"Màn hình: 15.6\"; Full HD (1920 x 1080); 144Hz";"cpu":"CPU: Ryzen 5; 7535HS; 3.3GHz";"weight":"Khối lượng: 2.29 kg";"battery":"Pin: 3-cell; 52.5Wh";"card":"Card: RTX 2050 4GB"},[],2024-12-09
302209,0220042002164,Laptop HP Pavilion 15 eg2088TU i7 1260P/16GB/512GB/Win11 (7C0R0PA),Laptop HP Pavilion 15 eg2088TU i7 (7C0R0PA) sẽ là lựa chọn tốt cho người dùng muốn tìm một chiếc laptop học tập - văn phòng đa năng; có thể đáp ứng hoàn hảo cho các tác vụ công việc và giải trí hằng ngày.,21390000,25290000,25290000,3900000,15,,4.9,49,availability,42,22,44,HP,hp-pavilion-15-eg2088tu-i7-7c0r0pa,/laptop/hp-pavilion-15-eg2088tu-i7-7c0r0pa,https://cdn.tgdd.vn/Products/Images/44/302209/hp-pavilion-15-eg2088tu-i7-7c0r0pa-thumb-600x600.jpg,{"Cấu hình":["RAM 16 GB" "SSD 512 GB"]},{"screen":"Màn hình: 15.6\"; Full HD (1920 x 1080)";"cpu":"CPU: i7; 1260P; 2.1GHz";"weight":"Khối lượng: 1.74 kg";"battery":"Pin: 3 cell; 41.04 Wh";"card":"Card: Intel Iris Xe"},[],2024-12-09
325242,0220042002663,Laptop Dell Inspiron 15 3520 i5 1235U/16GB/512GB/120Hz/OfficeHS/Win11 (N5I5052W1),Laptop Dell Inspiron 15 3520 i5 1235U (N5I5052W1) là sản phẩm tầm trung hoàn hảo cho đối tượng người dùng văn phòng; học sinh; sinh viên và những ai cần một thiết bị di động để giải trí và làm việc cơ bản. Nổi bật với bộ vi xử lý Intel thế hệ thứ 12 mạnh mẽ; hứa hẹn mang đến hiệu năng ổn định; khả năng đa nhiệm tốt cùng thiết kế hiện đại; gọn nhẹ.,16490000,16990000,16990000,500000,0,,5,5,availability,42,22,44,Dell,dell-inspiron-15-3520-i5-n5i5052w1,/laptop/dell-inspiron-15-3520-i5-n5i5052w1,https://cdn.tgdd.vn/Products/Images/44/325242/dell-inspiron-15-3520-i5-n5i5052w1-thumb-600x600.jpg,{"Cấu hình":["RAM 16 GB" "SSD 512 GB"]},{"screen":"Màn hình: 15.6\"; Full HD (1920 x 1080); 120Hz";"cpu":"CPU: i5; 1235U; 1.3GHz";"weight":"Khối lượng: 1.66 kg";"battery":"Pin: 3-cell; 41Wh";"card":"Card: Intel Iris Xe"},[],2024-12-09
321192,0220042002696,Laptop Dell Inspiron 15 3520 i5 1235U/16GB/512GB/120Hz/OfficeHS/KYHD/Win11,Laptop Dell Inspiron 15 3520 i5 1235U (25P231) hoàn toàn sở hữu mọi yếu tố mà một người dùng cá nhân cơ bản cần; hiệu năng ổn định từ con chip Intel i5; RAM 16 GB; màn hình 15.6 inch thoải mái cũng như sở hữu một mức giá lý tưởng tại Thế Giới Di Động.,16490000,16990000,16990000,500000,0,,4.9,49,availability,42,22,44,Dell,dell-inspiron-15-3520-i5-25p231,/laptop/dell-inspiron-15-3520-i5-25p231,https://cdn.tgdd.vn/Products/Images/44/321192/dell-inspiron-15-3520-i5-25p231-250424-020344-600x600.jpg,{"Cấu hình":["RAM 16 GB" "SSD 512 GB"]},{"screen":"Màn hình: 15.6\"; Full HD (1920 x 1080); 120Hz";"cpu":"CPU: i5; 1235U; 1.3GHz";"weight":"Khối lượng: 1.9 kg";"battery":"Pin: 3-cell; 41Wh";"card":"Card: Intel Iris Xe"},[],2024-12-09
327980,0220042002780,Laptop Dell Latitude 3440 i5 1235U/16GB/512GB/Win11 (L3440-I51235U-16G512G),Laptop Dell Latitude 3440 i5 1235U (L3440-I51235U-16G512G) là một trong những chiếc laptop lý tưởng dành cho sinh viên và người đi làm cho mọi tác vụ doanh nghiệp; học tập. Được trang bị bộ vi xử lý Intel Core i5 thế hệ 12; sản phẩm cho hiệu năng ấn tượng cùng thiết kế tinh tế và gọn nhẹ; giúp bạn làm việc thoải mái mọi lúc mọi nơi.,16990000,18990000,18990000,2000000,10,,4.9,49,availability,42,22,44,Dell,dell-latitude-3440-i5-l3440i51235u16g512g,/laptop/dell-latitude-3440-i5-l3440i51235u16g512g,https://cdn.tgdd.vn/Products/Images/44/327980/TimerThumb/327980-thumb.png,{"Cấu hình":["RAM 16 GB" "SSD 512 GB"]},{"screen":"Màn hình: 14\"; Full HD (1920 x 1080)";"cpu":"CPU: i5; 1235U; 1.3GHz";"weight":"Khối lượng: 1.54 kg";"battery":"Pin: 3-cell; 41Wh";"card":"Card: Intel Iris Xe"},[],2024-12-09
325247,0220042002667,Laptop Dell Inspiron 15 3530 i7 1355U/16GB/1TB/120Hz/OfficeHS/Win11 (P16WD),Laptop Dell Inspiron 15 3530 i7 1355U (P16WD) là một sự lựa chọn tuyệt vời cho những ai đang tìm kiếm một chiếc máy tính xách tay mạnh mẽ và linh hoạt cho cả công việc và giải trí. Máy được trang bị bộ vi xử lý Intel Core i7 thế hệ 13; cung cấp hiệu suất vượt trội để xử lý các tác vụ như chỉnh sửa video; hình ảnh hay xử lý dữ liệu.,22490000,23490000,23490000,1000000,0,,5,5,availability,42,22,44,Dell,dell-inspiron-15-3530-i7-p16wd,/laptop/dell-inspiron-15-3530-i7-p16wd,https://cdn.tgdd.vn/Products/Images/44/325247/dell-inspiron-15-3530-i7-p16wd-thumb-600x600.jpg,{"Cấu hình":["RAM 16 GB" "SSD 1 TB"]},{"screen":"Màn hình: 15.6\"; Full HD (1920 x 1080); 120Hz";"cpu":"CPU: i7; 1355U";"weight":"Khối lượng: 1.65 kg";"battery":"Pin: 4-cell; 54Wh";"card":"Card: Intel Iris Xe"},[],2024-12-09
328473,0220042002797,Laptop Dell Vostro 3530 i5 1335U/16GB/512GB/120Hz/OfficeHS/Win11 (80GG93),Laptop Dell Vostro 3530 i5 1335U (80GG93) được định hình thiết kế riêng biệt cho dân văn phòng và sinh viên trong phân khúc giá tầm trung. Sản phẩm này không chỉ mang lại hiệu suất tuyệt vời cho nhiều tác vụ mà còn sở hữu ngoại hình hiện đại; thời thượng; hứa hẹn sẽ chinh phục ngay cả những người dùng khó tính nhất.,18490000,19990000,19990000,1500000,7,,4.9,49,availability,42,22,44,Dell,dell-vostro-3530-i5-80gg93,/laptop/dell-vostro-3530-i5-80gg93,https://cdnv2.tgdd.vn/mwg-static/tgdd/Products/Images/44/328473/dell-vostro-3530-i5-80gg93-thumb-638666780240448607-600x600.jpg,{"Cấu hình":["RAM 16 GB" "SSD 512 GB"]},{"screen":"Màn hình: 15.6\"; Full HD (1920 x 1080); 120Hz";"cpu":"CPU: i5; 1335U; 1.3GHz";"weight":"Khối lượng: 1.66 kg";"battery":"Pin: 3-cell; 41Wh";"card":"Card: Intel Iris Xe"},[],2024-12-09
328946,0220042002811,Laptop Dell Inspiron 15 3530 i7 1355U/16GB/512GB/120Hz/OfficeHS/Win11 (71043888),Laptop Dell Inspiron 15 3530 i7 1355U (71043888) - một giải pháp tuyệt vời không chỉ cho công việc mà còn đáp ứng hoàn hảo nhu cầu giải trí đa phương tiện. Khám phá ngay siêu phẩm này tại Thế Giới Di Động; sản phẩm với những tính năng vượt trội cùng thiết kế tinh tế nhưng lại sở hữu mức giá cực kỳ hấp dẫn.,21490000,22390000,22390000,900000,0,,5,5,availability,42,22,44,Dell,dell-inspiron-15-3530-i7-71043888,/laptop/dell-inspiron-15-3530-i7-71043888,https://cdn.tgdd.vn/Products/Images/44/328946/dell-inspiron-15-3530-i7-71043888-thumb-600x600.jpg,{"Cấu hình":["RAM 16 GB" "SSD 512 GB"]},{"screen":"Màn hình: 15.6\"; Full HD (1920 x 1080); 120Hz";"cpu":"CPU: i7; 1355U; 1.7GHz";"weight":"Khối lượng: 1.66 kg";"battery":"Pin: 4-cell; 54Wh";"card":"Card: Intel Iris Xe"},[],2024-12-09
327981,0220042002781,Laptop Dell Inspiron 15 3530 i5 1334U/16GB/512GB/120Hz/OfficeHS/Win11 (N3530-i5U165W11SLU),Trong tầm giá dưới 20 triệu đồng; laptop Dell Inspiron 15 3530 i5 1334U (N3530-i5U165W11SLU) thực sự là một mẫu sản phẩm sáng giá; kết hợp hoàn hảo giữa hiệu năng vượt trội; thiết kế tinh tế và hàng loạt tính năng hiện đại. Đây là một lựa chọn tốt cho sinh viên và nhân viên văn phòng; đáp ứng đầy đủ cho các yêu cầu doanh nghiệp hoặc trường học.,18490000,19990000,19990000,1500000,7,,5,5,availability,42,22,44,Dell,dell-inspiron-15-3530-i5-n3530i5u165w11slu,/laptop/dell-inspiron-15-3530-i5-n3530i5u165w11slu,https://cdn.tgdd.vn/Products/Images/44/327981/dell-inspiron-15-3530-i5-n3530i5u165w11slu-thumb-600x600.jpg,{"Cấu hình":["RAM 16 GB" "SSD 512 GB"]},{"screen":"Màn hình: 15.6\"; Full HD (1920 x 1080); 120Hz";"cpu":"CPU: i5; 1334U; 1.3GHz";"weight":"Khối lượng: 1.66 kg";"battery":"Pin: 3-cell; 41Wh";"card":"Card: Intel Iris Xe"},[],2024-12-09
328944,0220042002809,Laptop Dell Inspiron 15 3520 i5 1235U/16GB/512GB/120Hz/OfficeHS/KYHD/Win11 (71043883),Nếu bạn đang tìm kiếm một chiếc laptop dành cho học tập và công việc văn phòng với cấu hình ổn định; thiết kế hiện đại và mức giá hợp lý; laptop Dell Inspiron 15 3520 i5 1235U (71043883) là sự lựa chọn không thể bỏ qua. Đây là sản phẩm từ thương hiệu Dell danh tiếng; mang đến trải nghiệm toàn diện từ công việc cho đến giải trí.,16490000,16990000,16990000,500000,0,,5,5,availability,42,22,44,Dell,dell-inspiron-15-3520-i5-71043883,/laptop/dell-inspiron-15-3520-i5-71043883,https://cdn.tgdd.vn/Products/Images/44/328944/dell-inspiron-15-3520-i5-71043883-thumb-600x600.jpg,{"Cấu hình":["RAM 16 GB" "SSD 512 GB"]},{"screen":"Màn hình: 15.6\"; Full HD (1920 x 1080); 120Hz";"cpu":"CPU: i5; 1235U; 1.3GHz";"weight":"Khối lượng: 1.9 kg";"battery":"Pin: 3-cell; 41Wh";"card":"Card: Intel Iris Xe"},[],2024-12-09
326194,0220042002708,Laptop Dell Vostro 3520 i5 1235U/16GB/512GB/120Hz/OfficeHS/Win11 (71030559),Laptop Dell Vostro 3520 i5 1235U (71030559) sở hữu ngoại hình thanh lịch; hiện đại với gam màu xám trang nhã; cùng viền màn hình mỏng tạo nên tổng thể gọn nhẹ; tinh tế. Laptop được trang bị con chip Intel thế hệ 12 có khả năng xử lý mượt mà mọi tác vụ học tập; văn phòng; thậm chí cả đồ họa cơ bản.,16490000,16990000,16990000,500000,0,,4.9,49,availability,42,22,44,Dell,dell-vostro-3520-i5-71030559,/laptop/dell-vostro-3520-i5-71030559,https://cdn.tgdd.vn/Products/Images/44/326194/dell-vostro-3520-i5-71030559-thumb-600x600.jpg,{"Cấu hình":["RAM 16 GB" "SSD 512 GB"]},{"screen":"Màn hình: 15.6\"; Full HD (1920 x 1080); 120Hz";"cpu":"CPU: i5; 1235U; 1.3GHz";"weight":"Khối lượng: 1.9 kg";"battery":"Pin: 3-cell; 41Wh";"card":"Card: Intel Iris Xe"},[],2024-12-09
303835,0220042002196,Laptop Dell Vostro 15 3520 i5 1235U/8GB/512GB/120Hz/OfficeHS/Win11 (5M2TT2),Laptop Dell Vostro 15 3520 i5 1235U (5M2TT2) mới nhất đến từ nhà Dell sẽ khiến bạn thực sự ấn tượng với kiểu dáng hiện đại; sở hữu những thông số kỹ thuật mạnh mẽ có thể chạy mượt những tác vụ học tập; văn phòng.,15490000,,,-15490000,0,,4.9,49,availability,42,22,44,Dell,dell-vostro-15-3520-i5-5m2tt2,/laptop/dell-vostro-15-3520-i5-5m2tt2,https://cdn.tgdd.vn/Products/Images/44/303835/dell-vostro-15-3520-i5-5m2tt2-thumb-laptop-600x600.jpg,{"Cấu hình":["RAM 8 GB" "SSD 512 GB"]},{"screen":"Màn hình: 15.6\"; Full HD (1920 x 1080); 120Hz";"cpu":"CPU: i5; 1235U; 1.3GHz";"weight":"Khối lượng: 1.67 kg";"battery":"Pin: 3-cell; 41Wh";"card":"Card: Intel UHD"},[],2024-12-09
327509,0220042002759,Laptop Dell Inspiron 15 3530 i5 1334U/16GB/512GB/120Hz/OfficeHS/Win11 (N5I5340W1),Với phân khúc giá gần 20 triệu; laptop Dell Inspiron 15 3530 i5 1334U (N5I5340W1) mang đến cho người dùng sự kết hợp hoàn hảo giữa hiệu năng mạnh mẽ; nhiều tính năng hiện đại và có một ngoại hình sang trọng. Đây là chiếc laptop lý tưởng dành cho sinh viên và nhân viên văn phòng; đáp ứng toàn diện các nhu cầu từ học tập; làm việc đến giải trí.,18490000,19990000,19990000,1500000,7,,5,5,availability,42,22,44,Dell,dell-inspiron-15-3530-i5-n5i5340w1,/laptop/dell-inspiron-15-3530-i5-n5i5340w1,https://cdn.tgdd.vn/Products/Images/44/327509/dell-inspiron-15-3530-i5-n5i5340w1-new-thumb-600x600.jpg,{"Cấu hình":["RAM 16 GB" "SSD 512 GB"]},{"screen":"Màn hình: 15.6\"; Full HD (1920 x 1080); 120Hz";"cpu":"CPU: i5; 1334U; 1.3GHz";"weight":"Khối lượng: 1.66 kg";"battery":"Pin: 3-cell; 41Wh";"card":"Card: Intel Iris Xe"},[],2024-12-09
328474,0220042002798,Laptop Dell Inspiron 15 3530 i7 1355U/16GB/512GB/120Hz/Office365/KYHD/Win11 (N5I7301W1),Mẫu máy tính xách tay quốc dân; laptop Dell Inspiron 15 3530 i7 1355U (N5I7301W1) - một công cụ làm việc hữu ích không chỉ đáp ứng mọi nhu cầu làm việc mà còn hỗ trợ cho giải trí đa phương tiện hoàn hảo. Hãy khám phá chiếc laptop này với những tính năng vượt trội và thiết kế ấn tượng chỉ với mức giá cực lý tưởng tại Thế Giới Di Động.,21390000,22390000,22390000,1000000,0,,5,5,availability,42,22,44,Dell,dell-inspiron-15-3530-i7-n5i7301w1?utm_flashsale=1,/laptop/dell-inspiron-15-3530-i7-n5i7301w1?utm_flashsale=1,https://cdn.tgdd.vn/Products/Images/44/328474/TimerThumb/328474-thumb.png,{"Cấu hình":["RAM 16 GB" "SSD 512 GB"]},{"screen":"Màn hình: 15.6\"; Full HD (1920 x 1080); 120Hz";"cpu":"CPU: i7; 1355U; 1.7GHz";"weight":"Khối lượng: 1.65 kg";"battery":"Pin: 3-cell; 54 Wh";"card":"Card: Intel Iris Xe"},[],2024-12-09
296921,0220042002137,Laptop Dell Inspiron 15 3520 i5 1235U/8GB/512GB/120Hz/OfficeHS/Win11 (i5U085W11BLU),Laptop Dell Inspiron 15 3520 i5 1235U (i5U085W11BLU) là phiên bản laptop học tập - văn phòng của nhà Dell khi sở hữu phong cách thiết kế tối giản nhưng không kém phần trẻ trung; bộ vi xử lý Intel Gen 12 và bộ Office bản quyền vĩnh viễn đáp ứng đầy đủ mọi nhu cầu học tập; văn phòng của người dùng.,15490000,,,-15490000,0,,4.9,49,availability,42,22,44,Dell,dell-inspiron-15-3520-i5u085w11blu,/laptop/dell-inspiron-15-3520-i5u085w11blu,https://cdn.tgdd.vn/Products/Images/44/296921/dell-inspiron-15-3520-i5u085w11blu-ab-thumb-600x600.jpg,{"Cấu hình":["RAM 8 GB" "SSD 512 GB"]},{"screen":"Màn hình: 15.6\"; Full HD (1920 x 1080); 120Hz";"cpu":"CPU: i5; 1235U; 1.3GHz";"weight":"Khối lượng: 1.9 kg";"battery":"Pin: 3-cell; 41Wh";"card":"Card: Intel UHD"},[],2024-12-09
328945,0220042002810,Laptop Dell Inspiron 15 3530 i5 1334U/16GB/512GB/120Hz/OfficeHS/KYHD/Win11 (71043885),Bạn đang tìm kiếm chiếc laptop giải quyết được nhiều tác vụ từ học tập đến công việc nhưng chỉ với mức giá dưới 20 triệu thì laptop Dell Inspiron 15 3530 i5 1334U (71043885) là sản phẩm phù hợp với bạn. Máy không những sở hữu hiệu năng mạnh mẽ từ chip Intel thế hệ 13; thiết kế hiện đại mà còn đi kèm Office Home & Student vĩnh viễn và Keep Your Hard Drive tiện lợi.,18490000,19990000,19990000,1500000,7,,5,5,availability,42,22,44,Dell,dell-inspiron-15-3530-i5-71043885,/laptop/dell-inspiron-15-3530-i5-71043885,https://cdn.tgdd.vn/Products/Images/44/328945/dell-inspiron-15-3530-i5-71043885-thumb-600x600.jpg,{"Cấu hình":["RAM 16 GB" "SSD 512 GB"]},{"screen":"Màn hình: 15.6\"; Full HD (1920 x 1080); 120Hz";"cpu":"CPU: i5; 1334U; 1.3GHz";"weight":"Khối lượng: 1.66 kg";"battery":"Pin: 3-cell; 41Wh";"card":"Card: Intel Iris Xe"},[],2024-12-09
329853,0220042002831,Laptop Dell Inspiron 15 3520 i5 1235U/16GB/512GB/120Hz/OfficeHS/Win11 (N3520-i5U165W11BLU-FP),Sẵn sàng cho mọi hành trình học tập và công việc với chiếc laptop Dell Inspiron 15 3520 i5 1235U (N3520-i5U165W11BLU-FP); một mẫu laptop học tập - văn phòng đầy đủ sức mạnh và tính năng hiện đại. Được thiết kế để đáp ứng nhu cầu đa dạng từ học sinh; sinh viên đến người đi làm; chiếc laptop này không chỉ nổi bật với hiệu năng mạnh mẽ mà còn sở hữu mức giá vô cùng ưu đãi tại Thế Giới Di Động.,16490000,16990000,16990000,500000,0,,5,5,availability,42,22,44,Dell,dell-inspiron-15-3520-i5-n3520i5u165w11blufp,/laptop/dell-inspiron-15-3520-i5-n3520i5u165w11blufp,https://cdnv2.tgdd.vn/mwg-static/tgdd/Products/Images/44/329853/dell-inspiron-15-3520-i5-n3520i5u165w11blufp-thumb-638621799086929611-600x600.jpg,{"Cấu hình":["RAM 16 GB" "SSD 512 GB"]},{"screen":"Màn hình: 15.6\"; Full HD (1920 x 1080); 120Hz";"cpu":"CPU: i5; 1235U; 1.3GHz";"weight":"Khối lượng: 1.9 kg";"battery":"Pin: 3-cell; 41Wh";"card":"Card: Intel Iris Xe"},[],2024-12-09
327982,0220042002782,Laptop Dell Vostro 15 3520 i5 1235U/16GB/512GB/120Hz/OfficeHS/Win11 (V3520-i5U165W11GRU),Laptop Dell Vostro 15 3520 i5 1235U (V3520-i5U165W11GRU) mang đến sự cân nhắc hoàn hảo cho học sinh; sinh viên và người đi làm nhờ sự kết hợp hoàn hảo giữa hiệu năng mạnh mẽ và thiết kế tinh tế. Với việc sở hữu mức giá thành vô cùng phù hợp cũng là điểm cộng vô cùng sáng giá cho mẫu sản phẩm này.,16490000,16990000,16990000,500000,0,,5,5,availability,42,22,44,Dell,dell-vostro-15-3520-i5-v3520i5u165w11gru,/laptop/dell-vostro-15-3520-i5-v3520i5u165w11gru,https://cdn.tgdd.vn/Products/Images/44/327982/dell-vostro-15-3520-i5-v3520i5u165w11gru-thumb-600x600.jpg,{"Cấu hình":["RAM 16 GB" "SSD 512 GB"]},{"screen":"Màn hình: 15.6\"; Full HD (1920 x 1080); 120Hz";"cpu":"CPU: i5; 1235U; 1.3GHz";"weight":"Khối lượng: 1.9 kg";"battery":"Pin: 3-cell; 41Wh";"card":"Card: Intel Iris Xe"},[],2024-12-09
324340,0220042002650,Laptop Dell Vostro 15 3520 i5 1235U/16GB/512GB/120Hz/OfficeHS/KYHD/Win11 (i5U165W11GRU),Laptop Dell Vostro 15 3520 i5 1235U (i5U165W11GRU) mang vẻ ngoài sang trọng; bền bỉ; hiệu năng xử lý trơn tru mọi yêu cầu thường ngày trong doanh nghiệp hay giải trí đa phương tiện. Mẫu laptop học tập - văn phòng tuyệt vời mà chắc chắn các bạn học sinh; sinh viên và người đi làm không thể bỏ qua.,16490000,16990000,16990000,500000,0,,5,5,availability,42,22,44,Dell,dell-vostro-15-3520-i5-i5u165w11gru,/laptop/dell-vostro-15-3520-i5-i5u165w11gru,https://cdn.tgdd.vn/Products/Images/44/324340/dell-vostro-15-3520-i5-i5u165w11gru-thumb-600x600.jpg,{"Cấu hình":["RAM 16 GB" "SSD 512 GB"]},{"screen":"Màn hình: 15.6\"; Full HD (1920 x 1080); 120Hz";"cpu":"CPU: i5; 1235U; 1.3GHz";"weight":"Khối lượng: 1.9 kg";"battery":"Pin: 3-cell; 41Wh";"card":"Card: Intel Iris Xe"},[],2024-12-09
330075,0220042002844,Laptop Dell Inspiron 15 3520 i5 1235U/8GB/512GB/120Hz/OfficeHS/Win11 (N3520-i5U085W11SLU),Laptop Dell Inspiron 15 3520 i5 1235U (N3520-i5U085W11SLU) là lựa chọn hoàn hảo; kết hợp hiệu năng ổn định; thiết kế hiện đại và mức giá phù hợp với ngân sách của hầu hết người dùng. Chiếc laptop này không chỉ đáp ứng tốt nhu cầu công việc mà còn hỗ trợ giải trí đa phương tiện một cách mượt mà.,15490000,15690000,15690000,200000,0,,5,5,availability,42,22,44,Dell,dell-inspiron-15-3520-i5-n3520-i5u085w11slu?utm_flashsale=1,/laptop/dell-inspiron-15-3520-i5-n3520-i5u085w11slu?utm_flashsale=1,https://cdnv2.tgdd.vn/mwg-static/tgdd/Products/Images/44/330075/dell-inspiron-15-3520-i5-n3520-i5u085w11slu-thumb-638627945571840016-600x600.jpg,{"Cấu hình":["RAM 8 GB" "SSD 512 GB"]},{"screen":"Màn hình: 15.6\"; Full HD (1920 x 1080); 120Hz";"cpu":"CPU: i5; 1235U; 1.3GHz";"weight":"Khối lượng: 1.9 kg";"battery":"Pin: 3-cell; 41Wh";"card":"Card: Intel UHD"},[],2024-12-09
325953,0220042002697,Laptop Dell Inspiron 14 5440 Core 7 150U/16GB/1TB/OfficeHS/Win11 (7FN5J),Là một sinh viên hoặc nhân viên văn phòng; bạn thường xuyên phải đối mặt với khối lượng công việc và bài tập khổng lồ đòi hỏi một chiếc laptop có hiệu năng ổn định và gọn gàng để mang theo nhiều nơi. Hiểu được nhu cầu đó; Dell mang đến cho bạn chiếc laptop Dell Inspiron 14 5440 Core 7 150U (7FN5J) - sự lựa chọn hoàn hảo đáp ứng mọi yêu cầu của bạn.,24990000,26990000,26990000,2000000,7,,5,5,availability,42,22,44,Dell,dell-inspiron-14-5440-core-7-7fn5j,/laptop/dell-inspiron-14-5440-core-7-7fn5j,https://cdn.tgdd.vn/Products/Images/44/325953/dell-inspiron-14-5440-core-7-7fn5j-thumb-600x600.jpg,{"Cấu hình":["RAM 16 GB" "SSD 1 TB"]},{"screen":"Màn hình: 14\"; Full HD+";"cpu":"CPU: Core 7; 150U";"weight":"Khối lượng: 1.56 kg";"battery":"Pin: 4-cell; 54Wh";"card":"Card: Intel Graphics"},[],2024-12-09
326148,0220042002707,Laptop Dell Inspiron 15 3530 i7 1355U/16GB/512GB/120Hz/OfficeHS/Win11 (71026454),Mẫu laptop Dell Inspiron 15 3530 i7 1355U (71026454) là sự lựa chọn tuyệt vời cho nhu cầu làm việc và giải trí. Máy sở hữu vi xử lý Intel Core i7 thế hệ 13; thiết kế thời trang cùng với màn hình rõ nét; laptop sẵn sàng đáp ứng mọi nhu cầu học tập và làm việc.,21490000,22390000,22390000,900000,0,,4.9,49,availability,42,22,44,Dell,dell-inspiron-15-3530-i7-71026454,/laptop/dell-inspiron-15-3530-i7-71026454,https://cdn.tgdd.vn/Products/Images/44/326148/dell-inspiron-15-3530-i7-71026454-thumb-600x600.jpg,{"Cấu hình":["RAM 16 GB" "SSD 512 GB"]},{"screen":"Màn hình: 15.6\"; Full HD (1920 x 1080); 120Hz";"cpu":"CPU: i7; 1355U; 1.7GHz";"weight":"Khối lượng: 1.66 kg";"battery":"Pin: 4-cell; 54Wh";"card":"Card: Intel Iris Xe"},[],2024-12-09
