id,sku,link-href,name,origin_price,discount_percent,sale_price,img-src,rating,review_count,brand_name,specification,date
321436,0220042002559,https://www.thegioididong.com/laptop/acer-aspire-a315-44p-r9w8-r7-nxksjsv002,Laptop Acer Aspire 3 A315 44P R9W8 R7 5700U/8GB/512GB/Win11 (NX.KSJSV.002),12.990.000₫,17%,10.690.000₫,https://cdn.tgdd.vn/Products/Images/44/321436/acer-aspire-a315-44p-r9w8-r7-nxksjsv002-thumb-600x600.jpg,4.5,456,Acer,Săn mã đến 1 triệu 12.990.000₫ Màn hình: 15.6"; Full HD (1920 x 1080) CPU: Ryzen 7; 5700U; 1.8GHz Card: Radeon Pin: 3-cell; 50Wh Khối lượng: 1.7 kg,2024-11-21
326637,0220042002712,https://www.thegioididong.com/laptop/acer-aspire-lite-14-51m-59bn-i5-nxktxsv001,Laptop Acer Aspire Lite 14 51M 59BN i5 1235U/16GB/512GB/Win11 (NX.KTXSV.001),14.990.000₫,10%,13.490.000₫,https://cdn.tgdd.vn/Products/Images/44/326637/acer-aspire-lite-14-51m-59bn-i5-nxktxsv001-100624-101857-600x600.jpg,0,0,Acer,Săn mã đến 1 triệu 14.990.000₫ Màn hình: 14"; Full HD+ (1920 x 1200) CPU: i5; 1235U; 1.3GHz Card: Intel UHD Pin: 3-cell Li-ion; 58 Wh Khối lượng: 1.5 kg,2024-11-21
322222,0220042002575,https://www.thegioididong.com/laptop/acer-aspire-3-a314-42p-r3b3-r7-nxksfsv001,Laptop Acer Aspire 3 A314 42P R3B3 R7 5700U/16GB/512GB/Win11 (NX.KSFSV.001),13.990.000₫,14%,11.990.000₫,https://cdn.tgdd.vn/Products/Images/44/322222/acer-aspire-3-a314-42p-r3b3-r7-nxksfsv001-thumb-600x600.jpg,4,43,Acer,Săn mã đến 1 triệu 13.990.000₫ Màn hình: 14"; WUXGA CPU: Ryzen 7; 5700U; 1.8GHz Card: Radeon Pin: 3-cell; 50Wh Khối lượng: 1.4 kg,2024-11-21
329075,0220042002817,https://www.thegioididong.com/laptop/acer-aspire-3-a315-58-529v-i5-nxaddsv00n?utm_flashsale=1,Laptop Acer Aspire 3 A315 58 529V i5 1135G7/8GB/256GB/Win11 (NX.ADDSV.00N),10.990.000₫,9%,9.990.000₫,https://cdn.tgdd.vn/Products/Images/44/329075/acer-aspire-3-a315-58-529v-i5-nxaddsv00n-140924-125407-600x600.jpg,0,0,Acer,Săn mã đến 1 triệu 10.990.000₫ Màn hình: 15.6"; Full HD (1920 x 1080) CPU: i5; 1135G7; 2.4GHz Card: Intel Iris Xe Pin: 2-cell; 36.7Wh Khối lượng: 1.7 kg,2024-11-21
326875,0220042002736,https://www.thegioididong.com/laptop/acer-aspire-lite-14-51m-36mh-i3-nxktvsv001,Laptop Acer Aspire Lite 14 51M 36MH i3 1215U/8GB/256GB/Win11 (NX.KTVSV.001),10.490.000₫,12%,9.190.000₫,https://cdn.tgdd.vn/Products/Images/44/326875/acer-aspire-lite-14-51m-36mh-i3-nxktvsv001-thumb-600x600.jpg,5,53,Acer,Săn mã đến 1 triệu 10.490.000₫ Màn hình: 14"; Full HD+ (1920 x 1200) CPU: i3; 1215U; 1.2GHz Card: Intel UHD Pin: 3-cell Li-ion; 58 Wh Khối lượng: 1.5 kg,2024-11-21
326876,0220042002737,https://www.thegioididong.com/laptop/acer-aspire-lite-14-51m-36pn-i3-nxktwsv001,Laptop Acer Aspire Lite 14 51M 36PN i3 1215U/8GB/512GB/Win11 (NX.KTWSV.001),10.990.000₫,11%,9.690.000₫,https://cdn.tgdd.vn/Products/Images/44/326876/acer-aspire-lite-14-51m-36pn-i3-nxktwsv001-thumb-600x600.jpg,5,54,Acer,Săn mã đến 1 triệu 10.990.000₫ Màn hình: 14"; Full HD+ (1920 x 1200) CPU: i3; 1215U; 1.2GHz Card: Intel UHD Pin: 3-cell Li-ion; 58 Wh Khối lượng: 1.5 kg,2024-11-21
330169,0220042002838,https://www.thegioididong.com/laptop/acer-predator-helios-neo-phn16-71-53m7-i5-nhqlusv005?utm_flashsale=1,Laptop Acer Predator Helios Neo PHN16 71 53M7 i5 13500HX/16GB/512GB/8GB RTX4060/165Hz/Win11 (NH.QLUSV.005),37.990.000₫,32%,25.490.000₫,https://cdnv2.tgdd.vn/mwg-static/tgdd/Products/Images/44/330169/acer-predator-helios-neo-phn16-71-53m7-i5-nhqlusv005-thumb-638627244359058726-600x600.jpg,0,0,Acer,Săn mã đến 1 triệu Online giá rẻ quá 37.990.000₫ Quà 900.000₫ Màn hình: 16"; WUXGA; 165Hz CPU: i5; 13500HX; 2.5GHz Card: RTX 4060 8GB Pin: 4-cell; 90Wh Khối lượng: 2.6 kg,2024-11-21
330168,0220042002839,https://www.thegioididong.com/laptop/acer-aspire-5-a514-56p-742f-i7-nxkhrsv005,Laptop Acer Aspire 5 A514 56P 742F i7 1355U/16GB/512GB/Win11 (NX.KHRSV.005),19.990.000₫,30%,13.990.000₫,https://cdnv2.tgdd.vn/mwg-static/tgdd/Products/Images/44/330168/acer-aspire-5-a514-56p-742f-i7-nxkhrsv005-thumb-638628535714824429-600x600.jpg,0,0,Acer,Săn mã đến 1 triệu 19.990.000₫ Màn hình: 14"; WUXGA CPU: i7; 1355U; 1.7GHz Card: Intel Iris Xe Pin: 3-cell; 50Wh Khối lượng: 1.5 kg,2024-11-21
314630,0220042002427,https://www.thegioididong.com/laptop/acer-aspire-5-a515-58gm-51lb-i5-nxkq4sv002,Laptop Acer Gaming Aspire 5 A515 58GM 51LB i5 13420H/16GB/512GB/4GB RTX2050/Win11 (NX.KQ4SV.002),20.490.000₫,19%,16.490.000₫,https://cdn.tgdd.vn/Products/Images/44/314630/acer-aspire-5-a515-58gm-51lb-i5-nxkq4sv002-170923-015941-600x600.jpg,4,428,Acer,Săn mã đến 1 triệu 20.490.000₫ Màn hình: 15.6"; Full HD (1920 x 1080) CPU: i5; 13420H; 2.1GHz Card: RTX 2050 4GB Pin: 3-cell; 50Wh Khối lượng: 1.7 kg,2024-11-21
307185,0220042002272,https://www.thegioididong.com/laptop/acer-aspire-5-a515-58p-34rj-i3-nxkhjsv003,Laptop Acer Aspire 5 A515 58P 34RJ i3 1315U/8GB/512GB/Win11 (NX.KHJSV.003),13.090.000₫,23%,9.990.000₫,https://cdn.tgdd.vn/Products/Images/44/307185/acer-aspire-5-a515-58p-34rj-i3-nxkhjsv003-thumb-600x600.png,4.5,4513,Acer,Săn mã đến 1 triệu 13.090.000₫ Màn hình: 15.6"; Full HD (1920 x 1080) CPU: i3; 1315U; 1.2GHz Card: Intel UHD Pin: 3-cell; 50Wh Khối lượng: 1.7 kg,2024-11-21
329337,0220042002826,https://www.thegioididong.com/laptop/acer-nitro-an515-58-773y-i7-12700h-nhqfksv00116g,Laptop Acer Gaming Nitro AN515 58 773Y i7 12700H/16GB/512GB/4GB RTX3050Ti/144Hz/Win11 (NH.QFKSV.001.16G),33.790.000₫,31%,22.990.000₫,https://cdn.tgdd.vn/Products/Images/44/329337/acer-nitro-an515-58-773y-i7-12700h-nhqfksv00116g-260824-111846-600x600.jpg,0,0,Acer,Săn mã đến 1 triệu 33.790.000₫ Quà 900.000₫ Màn hình: 15.6"; Full HD (1920 x 1080); 144Hz CPU: i7; 12700H; 2.30 GHz Card: RTX 3050Ti 4GB Pin: 4-cell; 57.5Wh Khối lượng: 2.5 kg,2024-11-21
330167,0220042002840,https://www.thegioididong.com/laptop/acer-aspire-5-a515-58p-774r-i7-nxkhjsv005,Laptop Acer Aspire 5 A515 58P 774R i7 1355U/16GB/512GB/Win11 (NX.KHJSV.005),19.990.000₫,30%,13.990.000₫,https://cdnv2.tgdd.vn/mwg-static/tgdd/Products/Images/44/330167/acer-aspire-5-a515-58p-774r-i7-nxkhjsv005-thumb-638628538439370885-600x600.jpg,0,0,Acer,Săn mã đến 1 triệu 19.990.000₫ Màn hình: 15.6"; Full HD (1920 x 1080) CPU: i7; 1355U; 1.7GHz Card: Intel Iris Xe Pin: 3-cell; 50Wh Khối lượng: 1.7 kg,2024-11-21
304543,0220042002205,https://www.thegioididong.com/laptop/acer-aspire-3-a315-59-5283-i5-nxk6tsv00b,Laptop Acer Aspire 3 A315 59 5283 i5 1235U/8GB/512GB/Win11 (NX.K6TSV.00B),15.990.000₫,21%,12.490.000₫,https://cdn.tgdd.vn/Products/Images/44/304543/acer-aspire-3-a315-59-5283-i5-nxk6tsv00b-thumb-600x600.jpg,4.1,4110,Acer,Săn mã đến 1 triệu 15.990.000₫ Màn hình: 15.6"; Full HD (1920 x 1080) CPU: i5; 1235U; 1.3GHz Card: Intel UHD Pin: 3-cell; 40Wh Khối lượng: 1.7 kg,2024-11-21
323587,0220042002633,https://www.thegioididong.com/laptop/acer-aspire-5-a515-58m-56yx-i5-nxkq8sv005,Laptop Acer Aspire 5 A515 58M 56YX i5 13420H/16GB/512GB/Win11 (NX.KQ8SV.005),17.490.000₫,16%,14.690.000₫,https://cdn.tgdd.vn/Products/Images/44/323587/acer-aspire-5-a515-58m-56yx-i5-nxkq8sv005-290624-013508-600x600.png,0,0,Acer,Săn mã đến 1 triệu 17.490.000₫ Màn hình: 15.6"; Full HD (1920 x 1080) CPU: i5; 13420H; 2.1GHz Card: Intel UHD Pin: 3-cell; 50Wh Khối lượng: 1.7 kg,2024-11-21
313177,0220042002380,https://www.thegioididong.com/laptop/acer-aspire-7-gaming-a715-76g-5806-i5-nhqmfsv002,Laptop Acer Gaming Aspire 7 A715 76G 5806 i5 12450H/16GB/512GB/4GB RTX3050/144Hz/Win11 (NH.QMFSV.002),22.990.000₫,19%,18.490.000₫,https://cdn.tgdd.vn/Products/Images/44/313177/acer-aspire-7-gaming-a715-76g-5806-i5-nhqmfsv002-thumb-600x600.jpg,4.7,473,Acer,Săn mã đến 1 triệu 22.990.000₫ Màn hình: 15.6"; Full HD (1920 x 1080); 144Hz CPU: i5; 12450H; 2GHz Card: RTX 3050 4GB Pin: 3-cell; 50Wh Khối lượng: 2.1 kg,2024-11-21
325699,0220042002685,https://www.thegioididong.com/laptop/acer-aspire-a515-58gm-53pz-i5-nxkq4sv008,Laptop Acer Gaming Aspire 5 A515 58GM 53PZ i5 13420H/8GB/512GB/4GB RTX2050/Win11 (NX.KQ4SV.008),20.490.000₫,24%,15.490.000₫,https://cdn.tgdd.vn/Products/Images/44/325699/acer-aspire-a515-58gm-53pz-i5-nxkq4sv008-thumb-1-600x600.jpg,0,0,Acer,Săn mã đến 1 triệu 20.490.000₫ Màn hình: 15.6"; Full HD (1920 x 1080) CPU: i5; 13420H; 2.1GHz Card: RTX 2050 4GB Pin: 50 Wh Khối lượng: 1.7 kg,2024-11-21
327508,0220042002758,https://www.thegioididong.com/laptop/acer-aspire-lite-al16-51p-596h-i5-nxkwzsv002,Laptop Acer Aspire Lite AL16 51P 596H i5 1235U/8GB/512GB/Win11 (NX.KWZSV.002),13.990.000₫,9%,12.690.000₫,https://cdn.tgdd.vn/Products/Images/44/327508/acer-aspire-lite-al16-51p-596h-i5-nxkwzsv002-thumb-600x600.jpg,0,0,Acer,Săn mã đến 1 triệu 13.990.000₫ Màn hình: 16"; WUXGA CPU: i5; 1235U; 1.3GHz Card: Intel UHD Pin: 3-cell Li-ion; 58 Wh Khối lượng: 1.7 kg,2024-11-21
320870,0220042002547,https://www.thegioididong.com/laptop/acer-aspire-lite-15-51m-5542-i5-nxks5sv001,Laptop Acer Aspire Lite 15 51M 5542 i5 1155G7/16GB/512GB/Win11 (NX.KS5SV.001),13.990.000₫,20%,11.190.000₫,https://cdn.tgdd.vn/Products/Images/44/320870/acer-aspire-lite-15-51m-5542-i5-nxks5sv001-thumb-2-600x600.jpg,2.5,254,Acer,Săn mã đến 1 triệu 13.990.000₫ Màn hình: 15.6"; Full HD (1920 x 1080) CPU: i5; 1155G7; 2.5GHz Card: Intel Iris Xe Pin: 36Wh Khối lượng: 1.7 kg,2024-11-21
325697,0220042002684,https://www.thegioididong.com/laptop/acer-nitro-v-anv15-51-55ca-i5-nhqn8sv004,Laptop Acer Gaming Nitro V ANV15 51 55CA i5 13420H/16GB/512GB/6GB RTX4050/144Hz/Win11 (NH.QN8SV.004),27.990.000₫,12%,24.490.000₫,https://cdn.tgdd.vn/Products/Images/44/325697/acer-nitro-v-anv15-51-55ca-i5-nhqn8sv004-thumb-600x600.jpg,0,0,Acer,Săn mã đến 1 triệu 27.990.000₫ Quà 900.000₫ Màn hình: 15.6"; Full HD (1920 x 1080); 144Hz CPU: i5; 13420H; 2.1GHz Card: RTX 4050 6GB Pin: 4-cell; 57Wh Khối lượng: 2.1 kg,2024-11-21
324735,0220042002658,https://www.thegioididong.com/laptop/acer-aspire-lite-15-51m-55nb-i5-nxkrssv001,Laptop Acer Aspire Lite 15 51M 55NB i5 1155G7/8GB/512GB/Win11 (NX.KRSSV.001),12.990.000₫,13%,11.190.000₫,https://cdn.tgdd.vn/Products/Images/44/324735/acer-aspire-lite-15-51m-55nb-i5-nxkrssv001-thumb-600x600.jpg,0,0,Acer,Săn mã đến 1 triệu 12.990.000₫ Màn hình: 15.6"; Full HD (1920 x 1080) CPU: i5; 1155G7; 2.5GHz Card: Intel Iris Xe Pin: 36Wh Khối lượng: 1.7 kg,2024-11-21
323920,0220042002635,https://www.thegioididong.com/laptop/hp-15-fd0234tu-i5-9q969pa,Laptop HP 15 fd0234TU i5 1334U/16GB/512GB/Win11 (9Q969PA),19.790.000₫,17%,16.390.000₫,https://cdn.tgdd.vn/Products/Images/44/323920/hp-15-fd0234tu-i5-9q969pa-thumb-1-600x600.jpg,0,0,HP,Giá rẻ quá Online giá rẻ quá 19.790.000₫ Màn hình: 15.6"; Full HD (1920 x 1080) CPU: i5; 1334U; 1.3GHz Card: Intel Iris Xe Pin: 3-cell; 41Wh Khối lượng: 1.59 kg,2024-11-21
327098,0220042002745,https://www.thegioididong.com/laptop/hp-15-fc0085au-r5-a6vv8pa,Laptop HP 15 fc0085AU R5 7430U/16GB/512GB/Win11 (A6VV8PA),15.190.000₫,15%,12.890.000₫,https://cdnv2.tgdd.vn/mwg-static/tgdd/Products/Images/44/327098/hp-15-fc0085au-r5-a6vv8pa-thumb-638624255401777068-600x600.jpg,3.8,384,HP,Giá rẻ quá Online giá rẻ quá 15.190.000₫ Màn hình: 15.6"; Full HD (1920 x 1080) CPU: Ryzen 5; 7430U; 2.30 GHz Card: Radeon Pin: 3-cell; 41Wh Khối lượng: 1.59 kg,2024-11-21
326050,0220042002703,https://www.thegioididong.com/laptop/hp-15-fd0303tu-i3-a2nl4pa,Laptop HP 15 fd0303TU i3 1315U/8GB/512GB/Win11 (A2NL4PA),13.490.000₫,16%,11.290.000₫,https://cdn.tgdd.vn/Products/Images/44/326050/hp-15-fd0303tu-i3-a2nl4pa-thumb-1-600x600.jpg,0,0,HP,Giá rẻ quá 13.490.000₫ Màn hình: 15.6"; Full HD (1920 x 1080) CPU: i3; 1315U Card: Intel UHD Pin: 3-cell; 41Wh Khối lượng: 1.59 kg,2024-11-21
328814,0220042002806,https://www.thegioididong.com/laptop/hp-240-g9-i5-ag2j7at,Laptop HP 240 G9 i5 1235U/16GB/512GB/Win11 (AG2J7AT),19.590.000₫,20%,15.490.000₫,https://cdn.tgdd.vn/Products/Images/44/328814/hp-240-g9-i5-ag2j7at-thumb-600x600.jpg,0,0,HP,Giá rẻ quá Online giá rẻ quá 19.590.000₫ Màn hình: 14"; Full HD (1920 x 1080) CPU: i5; 1235U; 1.3GHz Card: Intel UHD Pin: 3-cell; 41Wh Khối lượng: 1.47 kg,2024-11-21
326049,0220042002702,https://www.thegioididong.com/laptop/hp-245-g10-r5-a20tdpt,Laptop HP 245 G10 R5 7530U/8GB/512GB/Win11 (A20TDPT),14.590.000₫,14%,12.490.000₫,https://cdn.tgdd.vn/Products/Images/44/326049/hp-245-g10-r5-a20tdpt-thumb-600x600.jpg,0,0,HP,Giá rẻ quá 14.590.000₫ Màn hình: 14"; Full HD (1920 x 1080) CPU: Ryzen 5; 7530U; 2GHz Card: Radeon Pin: 3-cell; 41Wh Khối lượng: 1.36 kg,2024-11-21
325691,0220042002694,https://www.thegioididong.com/laptop/hp-15-fd0015tu-i7-a19c5pa,Laptop HP 15 fd0015TU i7 1355U/16GB/512GB/Win11 (A19C5PA),21.990.000₫,12%,19.290.000₫,https://cdn.tgdd.vn/Products/Images/44/325691/hp-15-fd0015tu-i7-a19c5pa-thumb-1-600x600.jpg,1.8,184,HP,Giá rẻ quá Online giá rẻ quá 21.990.000₫ Màn hình: 15.6"; Full HD (1920 x 1080) CPU: i7; 1355U; 1.7GHz Card: Intel Iris Xe Pin: 3-cell; 41Wh Khối lượng: 1.59 kg,2024-11-21
311176,0220042002356,https://www.thegioididong.com/laptop/hp-pavilion-15-eg3093tu-i5-8c5l4pa,Laptop HP Pavilion 15 eg3093TU i5 1335U/16GB/512GB/Win11 (8C5L4PA),21.290.000₫,17%,17.490.000₫,https://cdn.tgdd.vn/Products/Images/44/311176/hp-pavilion-15-eg3093tu-i5-8c5l4pa-glr-thumb-600x600.jpg,0,0,HP,Giá rẻ quá Online giá rẻ quá 21.290.000₫ Màn hình: 15.6"; Full HD (1920 x 1080) CPU: i5; 1335U; 1.3GHz Card: Intel Iris Xe Pin: 3-cell; 41Wh Khối lượng: 1.69 kg,2024-11-21
328906,0220042002808,https://www.thegioididong.com/laptop/hp-240-g9-i3-ag2j5at,Laptop HP 240 G9 i3 1215U/8GB/512GB/Win11 (AG2J5AT),13.690.000₫,21%,10.790.000₫,https://cdn.tgdd.vn/Products/Images/44/328906/hp-240-g9-i3-ag2j5at-150824-034345-600x600.jpg,0,0,HP,Giá rẻ quá Online giá rẻ quá 13.690.000₫ Màn hình: 14"; Full HD (1920 x 1080) CPU: i3; 1215U; 1.2GHz Card: Intel UHD Pin: 3-cell; 41Wh Khối lượng: 1.42 kg,2024-11-21
318163,0220042002467,https://www.thegioididong.com/laptop/hp-victus-15-fa1139tx-i5-8y6w3pa,Laptop HP Gaming VICTUS 15 fa1139TX i5 12450H/16GB/512GB/4GB RTX2050/144Hz/Win11 (8Y6W3PA),24.590.000₫,22%,18.990.000₫,https://cdn.tgdd.vn/Products/Images/44/318163/hp-victus-15-fa1139tx-i5-8y6w3pa-thumb-600x600.jpg,4,46,HP,Giá rẻ quá 24.590.000₫ Màn hình: 15.6"; Full HD (1920 x 1080); 144Hz CPU: i5; 12450H; 2GHz Card: RTX 2050 4GB Pin: 3-cell; 52.5Wh Khối lượng: 2.29 kg,2024-11-21
326830,0220042002733,https://www.thegioididong.com/laptop/hp-pavilion-x360-14-ek2024tu-core-5-9z2v6pa,Laptop HP Pavilion X360 14 ek2024TU Core 5 120U/16GB/512GB/Touch/Pen/Win11 (9Z2V6PA),24.990.000₫,6%,23.490.000₫,https://cdn.tgdd.vn/Products/Images/44/326830/hp-pavilion-x360-14-ek2024tu-core-5-9z2v6pa-thumb-new-600x600.jpg,0,0,HP,24.990.000₫ Màn hình: 14"; Full HD (1920 x 1080); Cảm ứng CPU: Core 5; 120U; 1.4GHz Card: Intel Graphics Pin: 3-cell; 43Wh Khối lượng: 1.51 kg,2024-11-21
323325,0220042002636,https://www.thegioididong.com/laptop/hp-240-g10-i5-9h2e4pt,Laptop HP 240 G10 i5 1335U/16GB/512GB/Win11 (9H2E4PT),19.590.000₫,18%,15.990.000₫,https://cdn.tgdd.vn/Products/Images/44/323325/hp-240-g10-i5-9h2e4pt-thumb-600x600.jpg,0,0,HP,Giá rẻ quá Online giá rẻ quá 19.590.000₫ Màn hình: 14"; Full HD (1920 x 1080) CPU: i5; 1335U; 1.3GHz Card: Intel UHD Pin: 3-cell; 41Wh Khối lượng: 1.36 kg,2024-11-21
313084,0220042002378,https://www.thegioididong.com/laptop/hp-15s-fq5229tu-i3-8u237pa?utm_flashsale=1,Laptop HP 15s fq5229TU i3 1215U/8GB/512GB/Win11 (8U237PA),13.690.000₫,30%,9.490.000₫,https://cdn.tgdd.vn/Products/Images/44/313084/hp-15s-fq5229tu-i3-8u237pa-thumb-600x600.png,3.9,3921,HP,Giá rẻ quá Online giá rẻ quá 13.690.000₫ Màn hình: 15.6"; Full HD (1920 x 1080) CPU: i3; 1215U; 1.2GHz Card: Intel UHD Pin: 3-cell; 41Wh Khối lượng: 1.69 kg,2024-11-21
327097,0220042002744,https://www.thegioididong.com/laptop/hp-15-fd1063tu-ultra-5-9z2y1pa,Laptop HP 15 fd1063TU Ultra 5 125H/16GB/512GB/Win11 (9Z2Y1PA),20.990.000₫,11%,18.490.000₫,https://cdnv2.tgdd.vn/mwg-static/tgdd/Products/Images/44/327097/hp-15-fd1063tu-ultra-5-9z2y1pa-thumb-638624258101656316-600x600.jpg,0,0,HP,Tặng Office 20.990.000₫ Quà 990.000₫ Màn hình: 15.6"; Full HD (1920 x 1080) CPU: Ultra 5; 125H; 1.2GHz Card: Intel Graphics Pin: 3-cell; 41Wh Khối lượng: 1.65 kg,2024-11-21
285963,0220042002045,https://www.thegioididong.com/laptop/hp-240-g9-i5-6l1y2pa?utm_flashsale=1,Laptop HP 240 G9 i5 1235U/8GB/512GB/Win11 (6L1Y2PA),18.590.000₫,24%,13.990.000₫,https://cdn.tgdd.vn/Products/Images/44/285963/hp-240-g9-i5-6l1y2pa-thumb-1-600x600.jpg,4.3,4355,HP,Giá rẻ quá Online giá rẻ quá 18.590.000₫ Màn hình: 14"; Full HD (1920 x 1080) CPU: i5; 1235U; 1.3GHz Card: Intel UHD Pin: 3-cell; 41Wh Khối lượng: 1.47 kg,2024-11-21
318165,0220042002466,https://www.thegioididong.com/laptop/hp-240-g8-i3-6l1a2pa,Laptop HP 240 G8 i3 1115G4/8GB/512GB/Win11 (6L1A2PA),12.790.000₫,21%,9.990.000₫,https://cdn.tgdd.vn/Products/Images/44/318165/hp-240-g8-i3-6l1a2pa-glr-thumb-600x600.jpg,0,0,HP,Giá rẻ quá 12.790.000₫ Màn hình: 14"; Full HD (1920 x 1080) CPU: i3; 1115G4; 3GHz Card: Intel UHD Pin: 3-cell; 41Wh Khối lượng: 1.4 kg,2024-11-21
305917,0220042002244,https://www.thegioididong.com/laptop/hp-15s-fq5147tu-i7-7c133pa?utm_flashsale=1,Laptop HP 15s fq5147TU i7 1255U/8GB/512GB/Win11 (7C133PA),20.890.000₫,25%,15.490.000₫,https://cdn.tgdd.vn/Products/Images/44/305917/hp-15s-fq5147tu-i7-7c133pa-thumb-600x600.jpg,4.2,4229,HP,Giá rẻ quá Online giá rẻ quá 20.890.000₫ Màn hình: 15.6"; Full HD (1920 x 1080) CPU: i7; 1255U; 1.7GHz Card: Intel Iris Xe Pin: 3-cell; 41Wh Khối lượng: 1.69 kg,2024-11-21
311177,0220042002357,https://www.thegioididong.com/laptop/hp-pavilion-15-eg3091tu-i7-8c5l2pa,Laptop HP Pavilion 15 eg3091TU i7 1355U/16GB/512GB/Win11 (8C5L2PA),25.290.000₫,13%,21.890.000₫,https://cdn.tgdd.vn/Products/Images/44/311177/hp-pavilion-15-eg3091tu-i7-8c5l2pa-thumb-600x600.jpg,4.7,473,HP,Giá rẻ quá Online giá rẻ quá 25.290.000₫ Màn hình: 15.6"; Full HD (1920 x 1080) CPU: i7; 1355U; 1.7GHz Card: Intel Iris Xe Pin: 3-cell; 41Wh Khối lượng: 1.69 kg,2024-11-21
311114,0220042002358,https://www.thegioididong.com/laptop/hp-240-g9-i3-6l1x7pa?utm_flashsale=1,Laptop HP 240 G9 i3 1215U/8GB/256GB/Win11 (6L1X7PA),12.990.000₫,30%,8.990.000₫,https://cdn.tgdd.vn/Products/Images/44/311114/hp-240-g9-i3-6l1x7pa-thumb-600x600.jpg,4.4,4422,HP,Giá rẻ quá Online giá rẻ quá 12.990.000₫ Màn hình: 14"; Full HD (1920 x 1080) CPU: i3; 1215U; 1.2GHz Card: Intel UHD Pin: 3-cell; 41Wh Khối lượng: 1.41 kg,2024-11-21
321467,0220042002558,https://www.thegioididong.com/laptop/hp-victus-15-fb1022ax-r5-94f19pa,Laptop HP Gaming VICTUS 15 fb1022AX R5 7535HS/16GB/512GB/4GB RTX2050/144Hz/Win11 (94F19PA),25.490.000₫,29%,17.990.000₫,https://cdn.tgdd.vn/Products/Images/44/321467/hp-victus-15-fb1022ax-r5-94f19pa-thumb-1-600x600.jpg,0,0,HP,Giá rẻ quá Online giá rẻ quá 25.490.000₫ Màn hình: 15.6"; Full HD (1920 x 1080); 144Hz CPU: Ryzen 5; 7535HS; 3.3GHz Card: RTX 2050 4GB Pin: 3-cell; 52.5Wh Khối lượng: 2.29 kg,2024-11-21
326052,0220042002705,https://www.thegioididong.com/laptop/hp-15-fd1064tu-ultra-5-9z2y2pa?utm_flashsale=1,Laptop HP 15 fd1064TU Ultra 5 125H/16GB/512GB/Win11 (9Z2Y2PA),20.990.000₫,19%,16.990.000₫,https://cdn.tgdd.vn/Products/Images/44/326052/hp-15-fd1064tu-ultra-5-9z2y2pa-thumb-1-600x600.jpg,0,0,HP,Tặng Office Online giá rẻ quá 20.990.000₫ Quà 990.000₫ Màn hình: 15.6"; Full HD (1920 x 1080) CPU: Ultra 5; 125H; 1.2GHz Card: Intel Arc Graphics Pin: 3-cell; 41Wh Khối lượng: 1.65 kg,2024-11-21
325242,0220042002663,https://www.thegioididong.com/laptop/dell-inspiron-15-3520-i5-n5i5052w1,Laptop Dell Inspiron 15 3520 i5 1235U/16GB/512GB/120Hz/OfficeHS/Win11 (N5I5052W1),16.990.000₫,0%,16.490.000₫,https://cdn.tgdd.vn/Products/Images/44/325242/dell-inspiron-15-3520-i5-n5i5052w1-thumb-600x600.jpg,0,0,Dell,16.990.000₫ Màn hình: 15.6"; Full HD (1920 x 1080); 120Hz CPU: i5; 1235U; 1.3GHz Card: Intel Iris Xe Pin: 3-cell; 41Wh Khối lượng: 1.66 kg,2024-11-21
321192,0220042002696,https://www.thegioididong.com/laptop/dell-inspiron-15-3520-i5-25p231,Laptop Dell Inspiron 15 3520 i5 1235U/16GB/512GB/120Hz/OfficeHS/KYHD/Win11,16.990.000₫,0%,16.490.000₫,https://cdn.tgdd.vn/Products/Images/44/321192/dell-inspiron-15-3520-i5-25p231-250424-020344-600x600.jpg,3.7,3719,Dell,16.990.000₫ Màn hình: 15.6"; Full HD (1920 x 1080); 120Hz CPU: i5; 1235U; 1.3GHz Card: Intel Iris Xe Pin: 3-cell; 41Wh Khối lượng: 1.9 kg,2024-11-21
327980,0220042002780,https://www.thegioididong.com/laptop/dell-latitude-3440-i5-l3440i51235u16g512g,Laptop Dell Latitude 3440 i5 1235U/16GB/512GB/Win11 (L3440-I51235U-16G512G),18.990.000₫,10%,16.990.000₫,https://cdnv2.tgdd.vn/mwg-static/tgdd/Products/Images/44/327980/dell-latitude-3440-i5-l3440i51235u16g512g-thumb-638622519854309572-600x600.jpg,0,0,Dell,Giá rẻ quá 18.990.000₫ Màn hình: 14"; Full HD (1920 x 1080) CPU: i5; 1235U; 1.3GHz Card: Intel Iris Xe Pin: 3-cell; 41Wh Khối lượng: 1.54 kg,2024-11-21
325247,0220042002667,https://www.thegioididong.com/laptop/dell-inspiron-15-3530-i7-p16wd,Laptop Dell Inspiron 15 3530 i7 1355U/16GB/1TB/120Hz/OfficeHS/Win11 (P16WD),23.490.000₫,0%,22.490.000₫,https://cdn.tgdd.vn/Products/Images/44/325247/dell-inspiron-15-3530-i7-p16wd-thumb-600x600.jpg,0,0,Dell,23.490.000₫ Màn hình: 15.6"; Full HD (1920 x 1080); 120Hz CPU: i7; 1355U Card: Intel Iris Xe Pin: 4-cell; 54Wh Khối lượng: 1.65 kg,2024-11-21
328473,0220042002797,https://www.thegioididong.com/laptop/dell-vostro-3530-i5-80gg93,Laptop Dell Vostro 3530 i5 1335U/16GB/512GB/120Hz/OfficeHS/Win11 (80GG93),19.990.000₫,7%,18.490.000₫,https://cdnv2.tgdd.vn/mwg-static/tgdd/Products/Images/44/328473/dell-vostro-3530-i5-80gg93-thumb-638666780240448607-600x600.jpg,0,0,Dell,19.990.000₫ Màn hình: 15.6"; Full HD (1920 x 1080); 120Hz CPU: i5; 1335U; 1.3GHz Card: Intel Iris Xe Pin: 3-cell; 41Wh Khối lượng: 1.66 kg,2024-11-21
327981,0220042002781,https://www.thegioididong.com/laptop/dell-inspiron-15-3530-i5-n3530i5u165w11slu,Laptop Dell Inspiron 15 3530 i5 1334U/16GB/512GB/120Hz/OfficeHS/Win11 (N3530-i5U165W11SLU),19.990.000₫,7%,18.490.000₫,https://cdn.tgdd.vn/Products/Images/44/327981/dell-inspiron-15-3530-i5-n3530i5u165w11slu-thumb-600x600.jpg,0,0,Dell,19.990.000₫ Màn hình: 15.6"; Full HD (1920 x 1080); 120Hz CPU: i5; 1334U; 1.3GHz Card: Intel Iris Xe Pin: 3-cell; 41Wh Khối lượng: 1.66 kg,2024-11-21
328946,0220042002811,https://www.thegioididong.com/laptop/dell-inspiron-15-3530-i7-71043888,Laptop Dell Inspiron 15 3530 i7 1355U/16GB/512GB/120Hz/OfficeHS/Win11 (71043888),22.390.000₫,0%,21.490.000₫,https://cdn.tgdd.vn/Products/Images/44/328946/dell-inspiron-15-3530-i7-71043888-thumb-600x600.jpg,0,0,Dell,22.390.000₫ Màn hình: 15.6"; Full HD (1920 x 1080); 120Hz CPU: i7; 1355U; 1.7GHz Card: Intel Iris Xe Pin: 4-cell; 54Wh Khối lượng: 1.66 kg,2024-11-21
328944,0220042002809,https://www.thegioididong.com/laptop/dell-inspiron-15-3520-i5-71043883,Laptop Dell Inspiron 15 3520 i5 1235U/16GB/512GB/120Hz/OfficeHS/KYHD/Win11 (71043883),16.990.000₫,0%,16.490.000₫,https://cdn.tgdd.vn/Products/Images/44/328944/dell-inspiron-15-3520-i5-71043883-thumb-600x600.jpg,0,0,Dell,16.990.000₫ Màn hình: 15.6"; Full HD (1920 x 1080); 120Hz CPU: i5; 1235U; 1.3GHz Card: Intel Iris Xe Pin: 3-cell; 41Wh Khối lượng: 1.9 kg,2024-11-21
326194,0220042002708,https://www.thegioididong.com/laptop/dell-vostro-3520-i5-71030559,Laptop Dell Vostro 3520 i5 1235U/16GB/512GB/120Hz/OfficeHS/Win11 (71030559),16.990.000₫,0%,16.490.000₫,https://cdn.tgdd.vn/Products/Images/44/326194/dell-vostro-3520-i5-71030559-thumb-600x600.jpg,0,0,Dell,16.990.000₫ Màn hình: 15.6"; Full HD (1920 x 1080); 120Hz CPU: i5; 1235U; 1.3GHz Card: Intel Iris Xe Pin: 3-cell; 41Wh Khối lượng: 1.9 kg,2024-11-21
303835,0220042002196,https://www.thegioididong.com/laptop/dell-vostro-15-3520-i5-5m2tt2,Laptop Dell Vostro 15 3520 i5 1235U/8GB/512GB/120Hz/OfficeHS/Win11 (5M2TT2),,0%,15.490.000₫,https://cdn.tgdd.vn/Products/Images/44/303835/dell-vostro-15-3520-i5-5m2tt2-thumb-laptop-600x600.jpg,3.8,3820,Dell,Màn hình: 15.6"; Full HD (1920 x 1080); 120Hz CPU: i5; 1235U; 1.3GHz Card: Intel UHD Pin: 3-cell; 41Wh Khối lượng: 1.67 kg,2024-11-21
327509,0220042002759,https://www.thegioididong.com/laptop/dell-inspiron-15-3530-i5-n5i5340w1,Laptop Dell Inspiron 15 3530 i5 1334U/16GB/512GB/120Hz/OfficeHS/Win11 (N5I5340W1),19.990.000₫,10%,17.990.000₫,https://cdn.tgdd.vn/Products/Images/44/327509/dell-inspiron-15-3530-i5-n5i5340w1-new-thumb-600x600.jpg,0,0,Dell,Giá rẻ quá Online giá rẻ quá 19.990.000₫ Màn hình: 15.6"; Full HD (1920 x 1080); 120Hz CPU: i5; 1334U; 1.3GHz Card: Intel Iris Xe Pin: 3-cell; 41Wh Khối lượng: 1.66 kg,2024-11-21
328474,0220042002798,https://www.thegioididong.com/laptop/dell-inspiron-15-3530-i7-n5i7301w1,Laptop Dell Inspiron 15 3530 i7 1355U/16GB/512GB/120Hz/Office365/KYHD/Win11 (N5I7301W1),22.390.000₫,0%,21.490.000₫,https://cdn.tgdd.vn/Products/Images/44/328474/dell-inspiron-15-3530-i7-n5i7301w1-010824-125815-600x600.jpg,0,0,Dell,22.390.000₫ Màn hình: 15.6"; Full HD (1920 x 1080); 120Hz CPU: i7; 1355U; 1.7GHz Card: Intel Iris Xe Pin: 3-cell; 54 Wh Khối lượng: 1.65 kg,2024-11-21
328945,0220042002810,https://www.thegioididong.com/laptop/dell-inspiron-15-3530-i5-71043885,Laptop Dell Inspiron 15 3530 i5 1334U/16GB/512GB/120Hz/OfficeHS/KYHD/Win11 (71043885),19.990.000₫,7%,18.490.000₫,https://cdn.tgdd.vn/Products/Images/44/328945/dell-inspiron-15-3530-i5-71043885-thumb-600x600.jpg,0,0,Dell,19.990.000₫ Màn hình: 15.6"; Full HD (1920 x 1080); 120Hz CPU: i5; 1334U; 1.3GHz Card: Intel Iris Xe Pin: 3-cell; 41Wh Khối lượng: 1.66 kg,2024-11-21
296921,0220042002137,https://www.thegioididong.com/laptop/dell-inspiron-15-3520-i5u085w11blu,Laptop Dell Inspiron 15 3520 i5 1235U/8GB/512GB/120Hz/OfficeHS/Win11 (i5U085W11BLU),,0%,15.490.000₫,https://cdn.tgdd.vn/Products/Images/44/296921/dell-inspiron-15-3520-i5u085w11blu-ab-thumb-600x600.jpg,4.1,4124,Dell,Màn hình: 15.6"; Full HD (1920 x 1080); 120Hz CPU: i5; 1235U; 1.3GHz Card: Intel UHD Pin: 3-cell; 41Wh Khối lượng: 1.9 kg,2024-11-21
329853,0220042002831,https://www.thegioididong.com/laptop/dell-inspiron-15-3520-i5-n3520i5u165w11blufp,Laptop Dell Inspiron 15 3520 i5 1235U/16GB/512GB/120Hz/OfficeHS/Win11 (N3520-i5U165W11BLU-FP),16.990.000₫,0%,16.490.000₫,https://cdnv2.tgdd.vn/mwg-static/tgdd/Products/Images/44/329853/dell-inspiron-15-3520-i5-n3520i5u165w11blufp-thumb-638621799086929611-600x600.jpg,0,0,Dell,16.990.000₫ Màn hình: 15.6"; Full HD (1920 x 1080); 120Hz CPU: i5; 1235U; 1.3GHz Card: Intel Iris Xe Pin: 3-cell; 41Wh Khối lượng: 1.9 kg,2024-11-21
324340,0220042002650,https://www.thegioididong.com/laptop/dell-vostro-15-3520-i5-i5u165w11gru,Laptop Dell Vostro 15 3520 i5 1235U/16GB/512GB/120Hz/OfficeHS/KYHD/Win11 (i5U165W11GRU),16.990.000₫,0%,16.490.000₫,https://cdn.tgdd.vn/Products/Images/44/324340/dell-vostro-15-3520-i5-i5u165w11gru-thumb-600x600.jpg,0,0,Dell,16.990.000₫ Màn hình: 15.6"; Full HD (1920 x 1080); 120Hz CPU: i5; 1235U; 1.3GHz Card: Intel Iris Xe Pin: 3-cell; 41Wh Khối lượng: 1.9 kg,2024-11-21
327982,0220042002782,https://www.thegioididong.com/laptop/dell-vostro-15-3520-i5-v3520i5u165w11gru,Laptop Dell Vostro 15 3520 i5 1235U/16GB/512GB/120Hz/OfficeHS/Win11 (V3520-i5U165W11GRU),16.990.000₫,0%,16.490.000₫,https://cdn.tgdd.vn/Products/Images/44/327982/dell-vostro-15-3520-i5-v3520i5u165w11gru-thumb-600x600.jpg,0,0,Dell,16.990.000₫ Màn hình: 15.6"; Full HD (1920 x 1080); 120Hz CPU: i5; 1235U; 1.3GHz Card: Intel Iris Xe Pin: 3-cell; 41Wh Khối lượng: 1.9 kg,2024-11-21
326148,0220042002707,https://www.thegioididong.com/laptop/dell-inspiron-15-3530-i7-71026454,Laptop Dell Inspiron 15 3530 i7 1355U/16GB/512GB/120Hz/OfficeHS/Win11 (71026454),22.390.000₫,0%,21.490.000₫,https://cdn.tgdd.vn/Products/Images/44/326148/dell-inspiron-15-3530-i7-71026454-thumb-600x600.jpg,0,0,Dell,22.390.000₫ Màn hình: 15.6"; Full HD (1920 x 1080); 120Hz CPU: i7; 1355U; 1.7GHz Card: Intel Iris Xe Pin: 4-cell; 54Wh Khối lượng: 1.66 kg,2024-11-21
330075,0220042002844,https://www.thegioididong.com/laptop/dell-inspiron-15-3520-i5-n3520-i5u085w11slu,Laptop Dell Inspiron 15 3520 i5 1235U/8GB/512GB/120Hz/OfficeHS/Win11 (N3520-i5U085W11SLU),15.690.000₫,0%,15.490.000₫,https://cdnv2.tgdd.vn/mwg-static/tgdd/Products/Images/44/330075/dell-inspiron-15-3520-i5-n3520-i5u085w11slu-thumb-638627945571840016-600x600.jpg,0,0,Dell,15.690.000₫ Màn hình: 15.6"; Full HD (1920 x 1080); 120Hz CPU: i5; 1235U; 1.3GHz Card: Intel UHD Pin: 3-cell; 41Wh Khối lượng: 1.9 kg,2024-11-21
325953,0220042002697,https://www.thegioididong.com/laptop/dell-inspiron-14-5440-core-7-7fn5j,Laptop Dell Inspiron 14 5440 Core 7 150U/16GB/1TB/OfficeHS/Win11 (7FN5J),26.990.000₫,7%,24.990.000₫,https://cdn.tgdd.vn/Products/Images/44/325953/dell-inspiron-14-5440-core-7-7fn5j-thumb-600x600.jpg,0,0,Dell,26.990.000₫ Màn hình: 14"; Full HD+ CPU: Core 7; 150U Card: Intel Graphics Pin: 4-cell; 54Wh Khối lượng: 1.56 kg,2024-11-21
249947165,4478631652982,https://tiki.vn/may-tinh-xach-tay-laptop-hp-245-g8-r3-3250u-4gb-256gb-ssd-14-hd-win11-bac-hang-chinh-hang-p249947165.html?spid=249947166,Máy Tính Xách Tay Laptop HP 245 G8 (R3-3250U/4GB/256GB SSD/14''HD/Win11/Bạc) - Hàng Chính Hãng,9120000,0%,9120000,https://salt.tikicdn.com/cache/280x280/ts/product/38/75/62/202c53d7ebd5e2e64c0ee1bbe7f6373c.jpg,0,0,HP,GIA DỤNG VIỆT; Laptop Truyền Thống ;Laptop - Máy Vi Tính - Linh kiện ;Trung Quốc,2024-11-21
248755613,4724128302001,https://tiki.vn/may-tinh-xach-tay-laptop-hp-15s-fq2711tu-i3-1115g4-8gb-256gb-15-6-fhd-win-11-hang-chinh-hang-p248755613.html?spid=248755614,Máy Tính Xách Tay Laptop HP 15s-fq2711TU i3 1115G4/8GB/256GB/15.6"FHD/Win 11 - Hàng Chính Hãng,11760000,0%,11760000,https://salt.tikicdn.com/cache/280x280/ts/product/20/ed/ea/a637144900a3cd2fc4af4b25def1b7cc.png,0,0,HP,GIA DỤNG VIỆT; Laptop Truyền Thống ;Laptop - Máy Vi Tính - Linh kiện ;Trung Quốc,2024-11-21
275786102,5921931028624,https://tiki.vn/laptop-asus-vivobook-15-x1504za-i3-1215u-8gb-512gb-win11-nj102w-hang-chinh-hang-p275786102.html?spid=275786103,Laptop Asus Vivobook 15 X1504ZA i3 1215U/8GB/512GB/Win11 (NJ102W) - Hàng Chính Hãng,12290000,11%,10990000,https://salt.tikicdn.com/cache/280x280/ts/product/f1/8e/4a/06dbdcd0ae197b6b612a3d01716c7969.jpg,0,0,Asus,Thế Giới Di Động Official; Laptop Truyền Thống ;Laptop - Máy Vi Tính - Linh kiện ;Trung Quốc,2024-11-21
247656002,2345090566162,https://tiki.vn/may-tinh-xach-tay-laptop-asus-zenbook-q409za-ev0-i5256bl-intel-core-i5-1240p-8gb-lpddr4-ssd-256gb-intel-iris-xe-graphics-14inch-oled-wq-win11-blue-hang-chinh-hang-p247656002.html?spid=247656007,Máy Tính Xách Tay Laptop Asus Zenbook Q409ZA-EV0.I5256BL ( Intel Core i5.1240P/8GB LPDDR4/SSD 256GB/Intel Iris Xe Graphics/14inch OLED WQ/Win11/Blue ) - Hàng Chính Hãng,18000000,0%,18000000,https://salt.tikicdn.com/cache/280x280/ts/product/6c/75/d9/6da0b65232beac5e3b73274eabd1a6ec.png,0,0,Asus,GIA DỤNG VIỆT; Laptop Truyền Thống ;Laptop - Máy Vi Tính - Linh kiện ;Trung Quốc,2024-11-21
249033052,2302558093508,https://tiki.vn/may-tinh-xach-tay-laptop-hp-pavilion-15-eg2035tx-i5-1235u-8gb-512gb-2gb-mx550-win11-hang-chinh-hang-p249033052.html?spid=249033053,Máy Tính Xách Tay Laptop HP Pavilion 15-eg2035TX i5 1235U/8GB/512GB/2GB MX550/Win11 - Hàng Chính Hãng,18720000,0%,18720000,https://salt.tikicdn.com/cache/280x280/ts/product/75/b7/ff/4951a25056701b1bf2fdc301ceb6a08a.jpg,0,0,HP,GIA DỤNG VIỆT; Laptop Truyền Thống ;Laptop - Máy Vi Tính - Linh kiện ;Trung Quốc,2024-11-21
249160304,7830097600823,https://tiki.vn/may-tinh-xach-tay-laptop-hp-15s-fq5080tu-i5-1235u-ram-8gb-256gb-ssd-15-6inch-fhd-windows-11-hang-chinh-hang-p249160304.html?spid=249160305,Máy Tính Xách Tay Laptop HP 15s-fq5080TU (i5-1235U/RAM 8GB/256GB SSD/15.6Inch FHD/ Windows 11) - Hàng Chính Hãng,16200000,0%,16200000,https://salt.tikicdn.com/cache/280x280/ts/product/82/f0/e4/7e48446cae0a63e6abf2cf2a85e97e98.jpg,0,0,HP,GIA DỤNG VIỆT; Laptop Truyền Thống ;Laptop - Máy Vi Tính - Linh kiện ;Trung Quốc,2024-11-21
225195387,3655337213636,https://tiki.vn/may-tinh-xach-tay-man-hinh-cam-ung-laptop-asus-vivobook-r565ea-uh51t-core-i5-1135g7-8gb-ram-256gb-ssd-15-6-inch-fhd-cam-ung-win10-xam-hang-chinh-hang-p225195387.html?spid=225195388,Máy Tính Xách Tay Màn Hình Cảm Ứng Laptop Asus VivoBook R565EA-UH51T (Core i5-1135G7  8GB Ram  256GB SSD  15.6 Inch FHD Cảm ứng  Win10  Xám - Hàng Chính Hãng,16020000,0%,16020000,https://salt.tikicdn.com/cache/280x280/ts/product/02/b7/8b/7bd87c7e4ce32d719b9a55391d746ad7.jpg,0,0,Asus,GIA DỤNG VIỆT; Laptop Truyền Thống ;Laptop - Máy Vi Tính - Linh kiện ;Trung Quốc,2024-11-21
252566514,1843323041277,https://tiki.vn/may-tinh-xach-tay-laptop-asus-vivobook-15-bac-intel-core-i3-1315u-processor-upto-4-5ghz-10mb-ram-8gb-512gb-ssd-intel-uhd-graphics-15-6inch-fhd-win-11h-2yrs-hang-chinh-hang-p252566514.html?spid=252566515,Máy Tính Xách Tay Laptop Asus Vivobook 15 Bạc/ Intel Core i3-1315U Processor (upto 4.5Ghz  10MB)/ RAM 8GB/ 512GB SSD/ Intel UHD Graphics/ 15.6inch FHD/ Win 11H/ 2Yrs - Hàng Chính Hãng,15000000,0%,15000000,https://salt.tikicdn.com/cache/280x280/ts/product/8c/8c/a8/09b97e025f344d0e0d05245926f65ba6.png,0,0,Asus,GIA DỤNG VIỆT; Laptop Truyền Thống ;Laptop - Máy Vi Tính - Linh kiện ;Trung Quốc,2024-11-21
249085376,6301117431109,https://tiki.vn/may-tinh-xach-tay-laptop-hp-240-g9-bac-intel-core-i5-1235u-8gb-ram-ssd-256gb-m2-14-fhd-win11-hang-chinh-hang-p249085376.html?spid=249085377,Máy Tính Xách Tay Laptop HP 240 G9 Bạc (intel core i5-1235U  8GB Ram  SSD 256GB M2  14"FHD  Win11) - Hàng Chính Hãng,16680000,0%,16680000,https://salt.tikicdn.com/cache/280x280/ts/product/74/d2/92/fbea909a810ea97ee65e8c85993b6d2c.jpg,0,0,HP,GIA DỤNG VIỆT; Laptop Truyền Thống ;Laptop - Máy Vi Tính - Linh kiện ;Trung Quốc,2024-11-21
249145135,6716436678497,https://tiki.vn/may-tinh-xach-tay-laptop-hp-pavilion-14-dv2032tu-core-i7-1255u-8gb-512gb-ssd-intel-iris-xe-graphics-14fhd-windows-11-home-gold-hang-chinh-hang-p249145135.html?spid=249145136,Máy Tính Xách Tay Laptop HP Pavilion 14-DV2032TU (Core i7 1255U/ 8GB/ 512GB SSD/ Intel Iris Xe Graphics/ 14FHD/ Windows 11 Home/ Gold) - Hàng Chính Hãng,22080000,0%,22080000,https://salt.tikicdn.com/cache/280x280/ts/product/9f/03/72/ecf3b0b7d5923d5ad8ebda5eb5ba1311.jpg,0,0,HP,GIA DỤNG VIỆT; Laptop Truyền Thống ;Laptop - Máy Vi Tính - Linh kiện ;Trung Quốc,2024-11-21
275786147,8157822508887,https://tiki.vn/laptop-asus-vivobook-x1404za-i3-1215u-8gb-512gb-win11-nk246w-hang-chinh-hang-p275786147.html?spid=275786148,Laptop Asus Vivobook X1404ZA i3 1215U/8GB/512GB/Win11 (NK246W) - Hàng Chính Hãng,11990000,13%,10490000,https://salt.tikicdn.com/cache/280x280/ts/product/22/c6/e6/fe7eb2c9bd6c9b9e9091e675169e96c7.jpg,0,0,Asus,Thế Giới Di Động Official; Laptop Truyền Thống ;Laptop - Máy Vi Tính - Linh kiện ;Trung Quốc,2024-11-21
275786112,1830555901213,https://tiki.vn/laptop-asus-vivobook-x1404za-i5-1235u-16gb-512gb-win11-nk376w-hang-chinh-hang-p275786112.html?spid=275786113,Laptop Asus Vivobook X1404ZA i5 1235U/16GB/512GB/Win11 (NK376W) - Hàng Chính Hãng,16490000,9%,14990000,https://salt.tikicdn.com/cache/280x280/ts/product/94/61/ee/2b9dfba1528e608e6d5ff823c398a9e6.jpg,0,0,Asus,Thế Giới Di Động Official; Laptop Truyền Thống ;Laptop - Máy Vi Tính - Linh kiện ;Trung Quốc,2024-11-21
249033674,7485764712175,https://tiki.vn/may-tinh-xach-tay-laptop-hp-pavilion-15-eg2056tu-core-i5-1240p-8gb-ram-512gb-ssd-intel-iris-xe-15-6-inch-fhd-win11-hang-chinh-hang-p249033674.html?spid=249033675,Máy Tính Xách Tay Laptop HP Pavilion 15-EG2056TU (Core i5-1240P  8GB Ram  512GB SSD  Intel Iris Xe  15.6 Inch FHD  Win11) - Hàng Chính Hãng,18360000,0%,18360000,https://salt.tikicdn.com/cache/280x280/ts/product/75/b7/ff/9faabb1e81bac62eb96386e209413eb8.jpg,0,0,HP,GIA DỤNG VIỆT; Laptop Truyền Thống ;Laptop - Máy Vi Tính - Linh kiện ;Trung Quốc,2024-11-21
248912686,9813111959724,https://tiki.vn/may-tinh-xach-tay-laptop-hp-15-dy2795wm-core-i5-1135g7-2-4ghz-8gb-ram-ssd-256gb-15-6-inch-fhd-natural-silver-win11-hang-chinh-hang-p248912686.html?spid=248912687,Máy Tính Xách Tay Laptop HP 15-DY2795WM ( Core i5-1135G7 2.4Ghz  8GB Ram  SSD 256GB  15.6 Inch FHD  Natural Silver  Win11) - Hàng Chính Hãng,14280000,0%,14280000,https://salt.tikicdn.com/cache/280x280/ts/product/a1/27/8f/f6cbcfa77f9b07791072e058632cf226.jpg,0,0,HP,GIA DỤNG VIỆT; Laptop Truyền Thống ;Laptop - Máy Vi Tính - Linh kiện ;Trung Quốc,2024-11-21
275269577,3446754897485,https://tiki.vn/laptop-asus-vivobook-15-x1504za-i3-1215u-8gb-512gb-win11-nj102w-hang-chinh-hang-p275269577.html?spid=275269578,Laptop ASUS Vivobook 15 X1504ZA i3 1215U/8GB/512GB/Win11 (NJ102W) - Hàng Chính Hãng,11500000,0%,11500000,https://salt.tikicdn.com/cache/280x280/ts/product/b7/ff/65/e919c1be4ff68b0a6633c7b9730c4da8.png,0,0,Asus,AN PHAT COMPUTER; Laptop Truyền Thống ;Laptop - Máy Vi Tính - Linh kiện ;Đài Loan,2024-11-21
272178565,3194862211859,https://tiki.vn/laptop-asus-tuf-gaming-f15-fx506hc-i5-11400h-8gb-512gb-win11-hn144w-hang-chinh-hang-p272178565.html?spid=272178566,Laptop Asus Vivobook 14 OLED i5-13500H/16GB/512GB/Win11 (A1405VA-KM095W) - Hàng chính hãng,19790000,12%,17390000,https://salt.tikicdn.com/cache/280x280/ts/product/84/a0/a6/6658c40ec95b8e72d2b684139b43068a.jpg,0,0,Asus,Nguyễn Kim Official; Laptop Truyền Thống ;Laptop - Máy Vi Tính - Linh kiện ;Trung Quốc,2024-11-21
249160185,4873410517307,https://tiki.vn/may-tinh-xach-tay-laptop-hp-pavilion-14-dv2033tu-core-i5-1235u-8gb-ram-512gb-ssd-intel-iris-xe-14-inch-fhd-ips-win11h-vang-hang-chinh-hang-p249160185.html?spid=249160186,Máy Tính Xách Tay Laptop HP Pavilion 14-DV2033TU (Core i5-1235U  8GB Ram  512GB SSD  Intel Iris Xe  14 inch FHD IPS  Win11H  Vàng) - Hàng Chính Hãng,18480000,0%,18480000,https://salt.tikicdn.com/cache/280x280/ts/product/9f/03/72/ed84b0f3d78513046ee2453d08717e2f.jpg,0,0,HP,GIA DỤNG VIỆT; Laptop Truyền Thống ;Laptop - Máy Vi Tính - Linh kiện ;Trung Quốc,2024-11-21
169264166,8725450554583,https://tiki.vn/may-tinh-xach-tay-laptop-hp-14s-dq2545tu-46m23pa-core-i5-1135g7-8gb-256gb-14hd-win11-hang-chinh-hang-p169264166.html?spid=169264167,Máy tính xách tay Laptop HP (Core i5-1135G7/ 8GB/ 256GB/ 14HD/ Win11/màu Bạc ) - Hàng Chính Hãng,16290000,0%,16290000,https://salt.tikicdn.com/cache/280x280/ts/product/e2/bb/fa/162e340fb6a2e151e7eb079b7ec1927c.jpg,0,0,HP,AN PHAT COMPUTER; Laptop Truyền Thống ;Laptop - Máy Vi Tính - Linh kiện ;Trung Quốc,2024-11-21
275786135,9706201345962,https://tiki.vn/laptop-asus-vivobook-14-x1404va-i5-1335u-16gb-512gb-win11-nk050w-hang-chinh-hang-p275786135.html?spid=275786136,Laptop Asus Vivobook 14 X1404VA i5 1335U/16GB/512GB/Win11 (NK050W) - Hàng Chính Hãng,18490000,11%,16490000,https://salt.tikicdn.com/cache/280x280/ts/product/2a/4d/25/eff32a054b65282fca37291489420f07.jpg,0,0,Asus,Thế Giới Di Động Official; Laptop Truyền Thống ;Laptop - Máy Vi Tính - Linh kiện ;Trung Quốc,2024-11-21
275786092,9773620510813,https://tiki.vn/laptop-asus-vivobook-16-x1605va-i5-1335u-16gb-512gb-win11-mb360w-hang-chinh-hang-p275786092.html?spid=275786093,Laptop Asus Vivobook 16 X1605VA i5 1335U/16GB/512GB/Win11 (MB360W) - Hàng Chính Hãng,18990000,11%,16990000,https://salt.tikicdn.com/cache/280x280/ts/product/9b/1e/c6/ecaa5e7cf7b84025eb16aae212d220db.jpg,0,0,Asus,Thế Giới Di Động Official; Laptop Truyền Thống ;Laptop - Máy Vi Tính - Linh kiện ;Trung Quốc,2024-11-21
248913699,3828399760287,https://tiki.vn/may-tinh-xach-tay-laptop-hp-15s-fq4006tu-15-6-fhd-core-i7-1195g7-8gb-ram-256gb-ssd-win-11-natural-silver-hang-chinh-hang-p248913699.html?spid=248913700,Máy Tính Xách Tay Laptop HP 15S-FQ4006TU 15.6" FHD  Core i7-1195G7 8GB RAM 256GB SSD Win 11 Natural Silver - Hàng Chính Hãng,18360000,0%,18360000,https://salt.tikicdn.com/cache/280x280/ts/product/bd/eb/b9/d349ab212865c06680a1baa1c34bb6c2.png,0,0,HP,GIA DỤNG VIỆT; Laptop Truyền Thống ;Laptop - Máy Vi Tính - Linh kiện ;Trung Quốc,2024-11-21
252172447,9435561980563,https://tiki.vn/may-tinh-xach-tay-laptop-hp-15-dw3033dx-core-i3-1115g4-8gb-ram-256gb-ssd-nvme-15-6-inch-fhd-bt-win10s-silver-hang-nhap-khau-p252172447.html?spid=252172448,Máy Tính Xách Tay Laptop HP 15-DW3033dx (Core i3-1115G4  8GB Ram  256GB SSD NVme  15.6 inch FHD  BT  Win10S  Silver) - Hàng Nhập Khẩu,11640000,0%,11640000,https://salt.tikicdn.com/cache/280x280/ts/product/fa/cf/d5/5331c4f05b9ee6cb670f15b6492b1b23.jpg,0,0,HP,GIA DỤNG VIỆT; Laptop Truyền Thống ;Laptop - Máy Vi Tính - Linh kiện ;Trung Quốc,2024-11-21
275938054,3128746809402,https://tiki.vn/laptop-asus-vivobook-15-oled-a1505va-i5-13500h-16gb-512gb-chuot-win11-l1341w-hang-chinh-hang-p275938054.html?spid=275938055,Laptop Asus Vivobook 15 OLED A1505VA i5 13500H/16GB/512GB/Chuột/Win11 (L1341W) - Hàng Chính Hãng,19990000,10%,17990000,https://salt.tikicdn.com/cache/280x280/ts/product/e5/98/53/bfa3d0981c3edc4101272f8e6ea93af4.jpg,0,0,Asus,Thế Giới Di Động Official; Laptop Truyền Thống ;Laptop - Máy Vi Tính - Linh kiện ;Trung Quốc,2024-11-21
275786074,5241728159953,https://tiki.vn/laptop-acer-aspire-lite-14-51m-36mh-i3-1215u8gb256gbwin11-nx-ktvsv-001-hang-chinh-hang-p275786074.html?spid=275786075,Laptop Acer Aspire Lite 14 51M 36MH i3 1215U8GB256GBWin11 (NX.KTVSV.001) - Hàng Chính Hãng,10490000,10%,9490000,https://salt.tikicdn.com/cache/280x280/ts/product/8f/f7/86/12911c00420e4898db79bb5ed293fed9.jpg,0,0,Asus,Thế Giới Di Động Official; Laptop Truyền Thống ;Laptop - Máy Vi Tính - Linh kiện ;Trung Quốc,2024-11-21
248808510,6073843609040,https://tiki.vn/may-tinh-xach-tay-nb-laptop-hp-240-g8-i3-1005g1-4gd4-256gssd-14-0fhd-wlac-bt4-2-3c41whr-w11sl-bac-hang-chinh-hang-p248808510.html?spid=248808511,Máy Tính Xách Tay (NB) Laptop HP 240 G8 i3-1005G1/4GD4/256GSSD/14.0FHD/Wlac/BT4.2/3C41WHr/W11SL/BẠC - Hàng Chính Hãng,11040000,0%,11040000,https://salt.tikicdn.com/cache/280x280/ts/product/2f/96/48/7db9a7b4ab362d2256488d10f774babd.png,0,0,HP,GIA DỤNG VIỆT; Laptop Truyền Thống ;Laptop - Máy Vi Tính - Linh kiện ;Trung Quốc,2024-11-21
252171302,8946290110316,https://tiki.vn/may-tinh-xach-tay-laptop-hp-15s-fq2663tu-core-i3-1115g4-4gb-ram-256gb-ssd-intel-graphics-15-6-inch-hd-3-cell-wlan-ac-bt-win11h-natural-silver-hang-chinh-hang-p252171302.html?spid=252171303,Máy Tính Xách Tay Laptop HP 15s-fq2663TU (Core i3-1115G4  4GB Ram  256GB SSD  Intel Graphics  15.6 inch HD  3 Cell  Wlan ac+BT  Win11H  Natural Silver) - Hàng Chính Hãng,10200000,0%,10200000,https://salt.tikicdn.com/cache/280x280/ts/product/82/f0/e4/266eca34a1dafd93e0d3ffc41bdf1631.jpg,0,0,HP,GIA DỤNG VIỆT; Laptop Truyền Thống ;Laptop - Máy Vi Tính - Linh kiện ;Trung Quốc,2024-11-21
275938047,5998281030594,https://tiki.vn/laptop-asus-vivobook-go-15-e1504fa-r5-7520u-16gb-512gb-chuot-win11-nj776w-hang-chinh-hang-p275938047.html?spid=275938048,Laptop Asus Vivobook Go 15 E1504FA R5 7520U/16GB/512GB/Chuột/Win11 (NJ776W) - Hàng Chính Hãng,14490000,10%,12990000,https://salt.tikicdn.com/cache/280x280/ts/product/8c/0b/6f/e320c814d713a6a3c691bcb47fd1dbd2.jpg,0,0,Asus,Thế Giới Di Động Official; Laptop Truyền Thống ;Laptop - Máy Vi Tính - Linh kiện ;Trung Quốc,2024-11-21
249160543,6412723626913,https://tiki.vn/may-tinh-xach-tay-laptop-hp-pavilion-15-eg2036tx-vo-nhom-bac-intel-core-i5-1235u-8gb-ram-512gb-ssd-m2-15-6-fhd-vga-nvidia-mx550-2g-win-11-hang-chinh-hang-p249160543.html?spid=249160544,Máy Tính Xách Tay Laptop HP Pavilion 15-eg2036TX Vỏ Nhôm Bạc (intel core i5-1235U  8GB Ram  512GB SSD M2  15.6" FHD  VGA Nvidia MX550 2G  Win 11) - Hàng Chính Hãng,19320000,0%,19320000,https://salt.tikicdn.com/cache/280x280/ts/product/1e/ff/9a/68f2090aac570b8239adffdf1d24081e.jpg,0,0,HP,GIA DỤNG VIỆT; Laptop Truyền Thống ;Laptop - Máy Vi Tính - Linh kiện ;Trung Quốc,2024-11-21
252064720,9782667092290,https://tiki.vn/may-tinh-xach-tay-laptop-hp-15s-fq2712tu-core-i3-1115g4-8gb-ram-256gb-ssd-intel-graphics-15-6-fhd-webcam-3-cell-wlan-ac-bt-win11-home-64-natural-silver-1y-wty-hang-chinh-hang-p252064720.html?spid=252064721,Máy Tính Xách Tay Laptop HP 15s-fq2712TU Core i3-1115G4 8GB RAM 256GB SSD Intel Graphics 15.6"FHD Webcam 3 Cell Wlan ac+BT Win11 Home 64 Natural Silver 1Y WTY - Hàng Chính Hãng,11580000,0%,11580000,https://salt.tikicdn.com/cache/280x280/ts/product/82/f0/e4/249b6070239f3416decfcb96702fe650.jpg,0,0,HP,GIA DỤNG VIỆT; Laptop Truyền Thống ;Laptop - Máy Vi Tính - Linh kiện ;Trung Quốc,2024-11-21
193125722,4953889664341,https://tiki.vn/laptop-hp-240-g8-617k2pa-bac-tang-kem-chuot-zadez-m-331-hang-chinh-hang-p193125722.html?spid=248802669,Laptop HP 240 G8 617K2PA (Bạc) (Tặng kèm chuột Zadez M-331) - Hàng chính hãng,11040000,0%,11040000,https://salt.tikicdn.com/cache/280x280/ts/product/c9/a3/22/9e58b2b66e2463f47192190189228915.png,0,0,HP,GIA DỤNG VIỆT; Laptop Truyền Thống ;Laptop - Máy Vi Tính - Linh kiện ;China,2024-11-21
275786080,4475881789003,https://tiki.vn/laptop-hp-245-g10-r5-7530u-8gb-512gb-win11-a20tdpt-hang-chinh-hang-p275786080.html?spid=275786081,Laptop HP 245 G10 R5 7530U/8GB/512GB/Win11 (A20TDPT) - Hàng Chính Hãng,14590000,13%,12690000,https://salt.tikicdn.com/cache/280x280/ts/product/4f/39/01/bc218019f4670ee198d306f23e1e6f8f.jpg,0,0,HP,Thế Giới Di Động Official; Laptop Truyền Thống ;Laptop - Máy Vi Tính - Linh kiện ;Trung Quốc,2024-11-21
192121325,1161311079310,https://tiki.vn/laptop-hp-pavilion-15-eg2036tx-6k782pa-bac-tang-kem-chuot-zadez-m331-hang-chinh-hang-p192121325.html?spid=248802612,Laptop HP Pavilion 15-eg2036TX 6K782PA (Bạc) (Tặng kèm chuột Zadez M331) - Hàng chính hãng,19320000,0%,19320000,https://salt.tikicdn.com/cache/280x280/ts/product/25/89/c4/bbf7f28702ce54a72ee8e025be3f949b.png,0,0,HP,GIA DỤNG VIỆT; Laptop Truyền Thống ;Laptop - Máy Vi Tính - Linh kiện ;China,2024-11-21
249136428,3021952901787,https://tiki.vn/may-tinh-xach-tay-laptop-hp-15s-fq5104tu-core-i7-1255u-8gb-ram-512gb-ssd-intel-graphics-15-6-inch-hd-3-cell-wlan-ac-bt-win11-home-64-natural-silver-1yr-hang-chinh-hang-p249136428.html?spid=249136810,Máy Tính Xách Tay Laptop HP 15s-fq5104TU  Core i7-1255U  8GB Ram  512GB SSD  Intel Graphics  15.6 inch HD  3 Cell  Wlan ac+BT  Win11 Home 64  Natural silver  1Yr - Hàng Chính Hãng,19800000,0%,19800000,https://salt.tikicdn.com/cache/280x280/ts/product/82/f0/e4/218a164a6e621babc343c45aee3bcf7e.jpg,0,0,HP,GIA DỤNG VIỆT; Laptop Truyền Thống ;Laptop - Máy Vi Tính - Linh kiện ;Trung Quốc,2024-11-21
195902379,1285643106581,https://tiki.vn/laptop-hp-14-dv2032tu-i7-1255u-8gb-512gb-win11-6k768pa-hang-chinh-hang-p195902379.html?spid=249010480,Laptop HP 14-DV2032TU i7-1255U/8GB/512GB/Win11 6K768PA - Hàng chính hãng,22080000,0%,22080000,https://salt.tikicdn.com/cache/280x280/ts/product/fc/d4/df/1c547a75a7def0dfe38961252f546030.jpg,0,0,HP,GIA DỤNG VIỆT; Laptop Truyền Thống ;Laptop - Máy Vi Tính - Linh kiện ;Trung Quốc,2024-11-21
275786139,4860145973445,https://tiki.vn/laptop-hp-15-fd0234tu-i5-1334u-16gb-512gb-win11-9q969pa-hang-chinh-hang-p275786139.html?spid=275786140,Laptop HP 15 fd0234TU i5 1334U/16GB/512GB/Win11 (9Q969PA) - Hàng Chính Hãng,19790000,16%,16690000,https://salt.tikicdn.com/cache/280x280/ts/product/21/15/a1/9f1f8467e6746c39d43a64f8e3419b66.jpg,0,0,HP,Thế Giới Di Động Official; Laptop Truyền Thống ;Laptop - Máy Vi Tính - Linh kiện ;Trung Quốc,2024-11-21
193110691,6422390078932,https://tiki.vn/laptop-hp-15s-fq5104tu-6k7e4pa-bac-tang-kem-chuot-zadez-m-331-hang-chinh-hang-p193110691.html?spid=248802448,Laptop HP 15s-fq5104TU 6K7E4PA (Bạc) (Tặng kèm chuột Zadez M-331) - Hàng chính hãng,18600000,0%,18600000,https://salt.tikicdn.com/cache/280x280/ts/product/fb/41/d0/a971881e2000fdac311aab1b7930e1e4.png,0,0,HP,GIA DỤNG VIỆT; Laptop Truyền Thống ;Laptop - Máy Vi Tính - Linh kiện ;China,2024-11-21
276063025,5440290833161,https://tiki.vn/laptop-hp-240-g9-i5-1235u-16gb-512gb-win11-ag2j7at-hang-chinh-hang-p276063025.html?spid=276063026,Laptop HP 240 G9 i5 1235U/16GB/512GB/Win11 (AG2J7AT) - Hàng Chính Hãng,19590000,17%,16290000,https://salt.tikicdn.com/cache/280x280/ts/product/5b/a7/bc/8c4c7833c2213432727b7faa3ddee750.jpg,0,0,HP,Thế Giới Di Động Official; Laptop Truyền Thống ;Laptop - Máy Vi Tính - Linh kiện ;Trung Quốc,2024-11-21
248543177,4232352115051,https://tiki.vn/laptop-hp-pavilion-15-eg2036tx-i5-1235u-8gb-512gb-win11-6k782pa-hang-chinh-hang-p248543177.html?spid=249011667,Laptop HP Pavilion 15-EG2036TX i5-1235U/8GB/512GB/Win11 6K782PA - Hàng chính hãng,19320000,0%,19320000,https://salt.tikicdn.com/cache/280x280/ts/product/f6/e0/d7/5a23bec86010e94dca1cfb0096f9fa43.jpg,0,0,HP,GIA DỤNG VIỆT; Laptop Truyền Thống ;Laptop - Máy Vi Tính - Linh kiện ;Trung Quốc,2024-11-21
195902569,8510621871127,https://tiki.vn/laptop-hp-14-dv2033tu-i5-1235u-8gb-512gb-win11-6k769pa-hang-chinh-hang-p195902569.html?spid=249010700,Laptop HP 14-DV2033TU i5-1235U/8GB/512GB/Win11 6K769PA - Hàng chính hãng,18480000,0%,18480000,https://salt.tikicdn.com/cache/280x280/ts/product/76/1c/34/cc7263e728c54cbac5a3bbd61bad8f90.jpg,0,0,HP,GIA DỤNG VIỆT; Laptop Truyền Thống ;Laptop - Máy Vi Tính - Linh kiện ;Trung Quốc,2024-11-21
275786068,9316982706959,https://tiki.vn/laptop-hp-15-fd0303tu-i3-1315u-8gb-512gb-win11-a2nl4pa-hang-chinh-hang-p275786068.html?spid=275786069,Laptop HP 15 fd0303TU i3 1315U/8GB/512GB/Win11 (A2NL4PA) - Hàng Chính Hãng,13490000,13%,11690000,https://salt.tikicdn.com/cache/280x280/ts/product/bd/99/dd/cd3ae17cc9a2221230acb5f826b7948f.jpg,0,0,HP,Thế Giới Di Động Official; Laptop Truyền Thống ;Laptop - Máy Vi Tính - Linh kiện ;Trung Quốc,2024-11-21
273716533,9831707285324,https://tiki.vn/laptop-asus-expertbook-b1502cba-b1502-intel-core-i5-1235u-ram-8gb-512gb-ssd-intel-uhd-graphics-15-6-inch-full-hd-win-11-ban-quyen-hang-chinh-hang-p273716533.html?spid=273716534,Laptop Asus Expertbook B1502CBA B1502 (Intel Core i5-1235U | RAM 8GB | 512GB SSD | Intel UHD Graphics | 15.6 inch Full HD | Win 11 bản quyền) - Hàng Chính Hãng,18890000,27%,13790000,https://salt.tikicdn.com/cache/280x280/ts/product/8b/45/b8/217c5775bd403c6badf2cb99805f5e27.jpg,0,0,Asus,ThuanThienTs; Laptop Truyền Thống ;Laptop - Máy Vi Tính - Linh kiện ;Trung Quốc,2024-11-21
275786072,7693485785059,https://tiki.vn/laptop-asus-vivobook-15-oled-a1505za-i5-12500h-16gb-512gb-120hz-win11-ma415w-hang-chinh-hang-p275786072.html?spid=275786073,Laptop Asus Vivobook 15 OLED A1505ZA i5 12500H/16GB/512GB/120Hz/Win11 (MA415W) - Hàng Chính Hãng,19990000,15%,16990000,https://salt.tikicdn.com/cache/280x280/ts/product/57/66/98/62a7f18e059dd102bfca3affc7de9382.jpg,0,0,Asus,Thế Giới Di Động Official; Laptop Truyền Thống ;Laptop - Máy Vi Tính - Linh kiện ;Trung Quốc,2024-11-21
275786086,5068100405943,https://tiki.vn/laptop-hp-pavilion-15-eg3093tu-i5-1335u-16gb-512gb-win11-8c5l4pa-hang-chinh-hang-p275786086.html?spid=275786087,Laptop HP Pavilion 15 eg3093TU i5 1335U/16GB/512GB/Win11 (8C5L4PA) - Hàng Chính Hãng,21290000,14%,18290000,https://salt.tikicdn.com/cache/280x280/ts/product/53/99/b7/77dc051bbd7b28ac20797a28e8af0a9b.jpg,0,0,HP,Thế Giới Di Động Official; Laptop Truyền Thống ;Laptop - Máy Vi Tính - Linh kiện ;Trung Quốc,2024-11-21
225917309,7964327078017,https://tiki.vn/laptop-hp-240-g9-6l1y2pa-i5-1235u-8gb-512gb-14-fhd-w11-p225917309.html?spid=225917313,Laptop HP 240 G9 6L1Y2PA i5-1235U | 8GB | 512GB | 14' FHD | W11 Hàng chính hãng,18590000,0%,18590000,https://salt.tikicdn.com/cache/280x280/ts/product/b7/86/1d/dd690fb04ef040479a4ef2f65ed43f43.jpg,0,0,HP,Hangchinhhieu(TP.HCM); Laptop Truyền Thống ;Laptop - Máy Vi Tính - Linh kiện ;Trung Quốc,2024-11-21
275786137,9633638945782,https://tiki.vn/laptop-hp-pavilion-15-eg2081tu-i5-1240p-16gb-512gb-win11-7c0q4pa-hang-chinh-hang-p275786137.html?spid=275786138,Laptop HP Pavilion 15 eg2081TU i5 1240P/16GB/512GB/Win11 (7C0Q4PA) - Hàng Chính Hãng,20990000,0%,20990000,https://salt.tikicdn.com/cache/280x280/ts/product/74/91/0c/3c5e37b86c293f0b0b279988c6694688.jpg,0,0,HP,Thế Giới Di Động Official; Laptop Truyền Thống ;Laptop - Máy Vi Tính - Linh kiện ;Trung Quốc,2024-11-21
275938043,4234305125769,https://tiki.vn/laptop-hp-pavilion-15-eg3091tu-i7-1355u-16gb-512gb-win11-8c5l2pa-hang-chinh-hang-p275938043.html?spid=275938044,Laptop HP Pavilion 15 eg3091TU i7 1355U/16GB/512GB/Win11 (8C5L2PA) - Hàng Chính Hãng,25290000,10%,22790000,https://salt.tikicdn.com/cache/280x280/ts/product/34/e4/52/6e872528b69c1ffd59aec99bcb5d5cc7.jpg,0,0,HP,Thế Giới Di Động Official; Laptop Truyền Thống ;Laptop - Máy Vi Tính - Linh kiện ;Trung Quốc,2024-11-21
276063016,2469664515696,https://tiki.vn/laptop-asus-gaming-vivobook-k3605zc-i5-12500h-16gb-512gb-4gb-rtx3050-win11-rp629w-hang-chinh-hang-p276063016.html?spid=276063017,Laptop ASUS Gaming Vivobook K3605ZC i5 12500H/16GB/512GB/4GB RTX3050/Win11 (RP629W) - Hàng Chính Hãng,24990000,18%,20490000,https://salt.tikicdn.com/cache/280x280/ts/product/36/91/7f/9e2023d143c898a994b4617cb9d4c06a.jpg,0,0,Asus,Thế Giới Di Động Official; Laptop Truyền Thống ;Laptop - Máy Vi Tính - Linh kiện ;Trung Quốc,2024-11-21
276062994,1846576842886,https://tiki.vn/laptop-asus-gaming-vivobook-k3605zf-i5-12500h-16gb-512gb-4gb-rtx2050-win11-rp745w-hang-chinh-hang-p276062994.html?spid=276062996,Laptop Asus Gaming Vivobook K3605ZF i5 12500H/16GB/512GB/4GB RTX2050/Win11 (RP745W) - Hàng Chính Hãng,20990000,12%,18490000,https://salt.tikicdn.com/cache/280x280/ts/product/83/cd/fe/b94b329e1e0bcd73480a0e9092a58693.jpg,0,0,Asus,Thế Giới Di Động Official; Laptop Truyền Thống ;Laptop - Máy Vi Tính - Linh kiện ;Trung Quốc,2024-11-21
201831052,9353141688819,https://tiki.vn/laptop-hp-pavilion-15-eg2035tx-6k781pa-i5-1235u-8gb-512gb-mx550-win11-hang-chinh-hang-p201831052.html?spid=249009149,Laptop HP Pavilion 15 eg2035TX 6K781PA i5 1235U| 8GB| 512GB| MX550| Win11 - Hàng chính hãng,18720000,0%,18720000,https://salt.tikicdn.com/cache/280x280/ts/product/01/fe/73/8ce5dc820a5bb167fb7c58dfe874950c.png,0,0,HP,GIA DỤNG VIỆT; Laptop Truyền Thống ;Laptop - Máy Vi Tính - Linh kiện ;Mỹ,2024-11-21
253394090,7977374221324,https://tiki.vn/laptop-hp-elitebook-630-g9-6m142pa-i5-1235u-8gb-256gb-13-3-fhd-win-11-p253394090.html?spid=253394091,Laptop HP EliteBook 630 G9 6M142PA i5-1235U | 8GB | 256GB | 13.3' FHD | Win 11 Hàng chính hãng,21190000,0%,21190000,https://salt.tikicdn.com/cache/280x280/ts/product/a2/48/71/7edaa7daf7aa793fd023d807804c2d4b.jpg,0,0,HP,Hangchinhhieu(TP.HCM); Laptop Truyền Thống ;Laptop - Máy Vi Tính - Linh kiện ;Trung Quốc,2024-11-21
189572223,7634548491971,https://tiki.vn/laptop-asus-vivobook-f415e-i3-1115g4-8gb-128ssd-uhd-graphics-14-fhd-win10-xam-moi-100-p189572223.html?spid=189572225,Laptop Asus Vivobook F415E i3-1115G4/8GB/128SSD/UHD Graphics/14"FHD/Win10/Xám Mới 100%- Hàng Nhập Khẩu,10750000,0%,10750000,https://salt.tikicdn.com/cache/280x280/ts/product/bf/0e/a9/62280749cd095d6dd351c8e01d2b7365.jpg,0,0,Asus,Mac&More; Laptop Truyền Thống ;Laptop - Máy Vi Tính - Linh kiện ;Việt Nam,2024-11-21
189572199,2403357126324,https://tiki.vn/laptop-asus-vivobook-x515ja-core-i3-1005g1-8gb-256gb-15-6-hd-win-10-mau-xam-moi-100-p189572199.html?spid=189572202,Laptop Asus VivoBook X515JA Core i3-1005G1/8GB/256GB/15.6"HD/Win 10/Màu Xám Mới 100%-Hàng Nhập Khẩu,10350000,0%,10350000,https://salt.tikicdn.com/cache/280x280/ts/product/29/d3/ff/c375a5143579ff61d25375e3e55f5a2a.jpg,0,0,Asus,Mac&More; Laptop Truyền Thống ;Laptop - Máy Vi Tính - Linh kiện ;Việt Nam,2024-11-21
186228376,6067954296518,https://tiki.vn/laptop-hp-14s-fq1080au-4k0z7pa-r3-5300u-4gb-256gb-14-hd-win-10-hang-chinh-hang-p186228376.html?spid=248802460,Laptop HP 14s-fq1080AU (4K0Z7PA) (R3-5300U | 4GB | 256GB |14' HD | Win 10 Hàng chính hãng,8520000,0%,8520000,https://salt.tikicdn.com/cache/280x280/ts/product/86/6a/68/94614d5173d0203b625cec71f9d25ec3.jpg,0,0,HP,GIA DỤNG VIỆT; Laptop Truyền Thống ;Laptop - Máy Vi Tính - Linh kiện ;Trung Quốc,2024-11-21
190725464,7552321064187,https://tiki.vn/laptop-hp-pavilion-15-eg2056tu-i5-1240p-8gb-512gb-15-6-f-win11-6k786pa-vang-hang-chinh-hang-p190725464.html?spid=248802556,Laptop HP Pavilion 15 eg2056TU i5 1240P/8GB/512GB/15.6"F/Win11/(6K786PA)/Vàng - Hàng chính hãng,18360000,0%,18360000,https://salt.tikicdn.com/cache/280x280/ts/product/91/b0/7c/5ae87c1a7be698680aec9fe229e3b32b.jpg,0,0,HP,GIA DỤNG VIỆT; Laptop Truyền Thống ;Laptop - Máy Vi Tính - Linh kiện ;Trung Quốc,2024-11-21
276365875,5390297785001,https://tiki.vn/laptop-asus-vivobook-14-x1404za-nk386w-intel-core-i3-1215u-8gb-512gb-intel-uhd-14-inch-fhd-win-11-xanh-hang-chinh-hang-p276365875.html?spid=276365876,Laptop Asus Vivobook 14 X1404ZA-NK386W (Intel Core i3-1215U | 8GB | 512GB | Intel UHD | 14 inch FHD | Win 11 | Xanh) - HÀNG CHÍNH HÃNG,9609000,0%,9609000,https://salt.tikicdn.com/cache/280x280/ts/product/cc/e7/5f/cd63b0b698ca5c6559fa4af1414b4395.jpg,0,0,Asus,An Khang Computer; Laptop Truyền Thống ;Laptop - Máy Vi Tính - Linh kiện ;China,2024-11-21
275786133,6999942560170,https://tiki.vn/laptop-hp-pavilion-15-eg2082tu-i5-1240p-8gb-512gb-win11-7c0q5pa-hang-chinh-hang-p275786133.html?spid=275786134,Laptop HP Pavilion 15 eg2082TU i5 1240P/8GB/512GB/Win11 (7C0Q5PA) - Hàng Chính Hãng,19790000,17%,16490000,https://salt.tikicdn.com/cache/280x280/ts/product/ab/39/ec/05a20e89ffef8cb45636c81d370b65ff.jpg,0,0,HP,Thế Giới Di Động Official; Laptop Truyền Thống ;Laptop - Máy Vi Tính - Linh kiện ;Trung Quốc,2024-11-21
155530453,3953094501529,https://tiki.vn/laptop-hp-240-g8-i3-1005g1-4gb-256gb-14-f-win10-519a7pa-bac-hang-chinh-hang-p155530453.html?spid=248802396,Laptop HP 240 G8 i3 1005G1/4GB/256GB/14"F/Win10/(519A7PA)/Bạc - Hàng chính hãng,11040000,0%,11040000,https://salt.tikicdn.com/cache/280x280/ts/product/19/aa/34/675da9045ebdbf91e55e29fb34b4344e.jpg,0,0,HP,GIA DỤNG VIỆT; Laptop Truyền Thống ;Laptop - Máy Vi Tính - Linh kiện ;Trung Quốc,2024-11-21
192729516,5796598794559,https://tiki.vn/laptop-hp-pavilion-14-dv2033tu-i5-1235u-8gb-512gb-14-f-win11-6k769pa-vang-hang-chinh-hang-p192729516.html?spid=248802703,Laptop HP Pavilion 14 dv2033TU i5 1235U/8GB/512GB/14"F/Win11/(6K769PA)/Vàng - Hàng chính hãng,18480000,0%,18480000,https://salt.tikicdn.com/cache/280x280/ts/product/b8/fe/c0/8d7ef4812d192f5d5741ee30d4f27816.jpg,0,0,HP,GIA DỤNG VIỆT; Laptop Truyền Thống ;Laptop - Máy Vi Tính - Linh kiện ;Trung Quốc,2024-11-21
174500984,4079316074558,https://tiki.vn/laptop-hp-245-g8-61c60pa-r3-3250u-4gb-256gb-ssd-14hd-vga-on-win11-silver-hang-chinh-hang-p174500984.html?spid=249946486,Laptop HP 245 G8 61C60PA (R3-3250U/4GB/256GB SSD/14HD/VGA ON/WIN11/Silver) - Hàng Chính Hãng,9120000,0%,9120000,https://salt.tikicdn.com/cache/280x280/ts/product/80/17/56/69e08ddac070d5bcd9e51b0c7018fa43.jpg,0,0,HP,GIA DỤNG VIỆT; Laptop Truyền Thống ;Laptop - Máy Vi Tính - Linh kiện ;Trung Quốc,2024-11-21
190725441,7233439521295,https://tiki.vn/laptop-hp-15s-fq5078tu-i5-1235u-8gb-512gb-15-6-f-win11-6k798pa-bac-hang-chinh-hang-p190725441.html?spid=248802605,Laptop HP 15s fq5078TU i5 1235U/8GB/512GB/15.6"F/Win11/(6K798PA)/Bạc - Hàng chính hãng,17640000,0%,17640000,https://salt.tikicdn.com/cache/280x280/ts/product/e0/23/25/a915133322fd81deab6a5efd6e8a7a8f.jpg,0,0,HP,GIA DỤNG VIỆT; Laptop Truyền Thống ;Laptop - Máy Vi Tính - Linh kiện ;Trung Quốc,2024-11-21
198462692,8614145440219,https://tiki.vn/laptop-hp-pavilion-14-dv2033tu-6k769pa-i5-1235u-8gb-512gb-14-fhd-win-11-hang-chinh-hang-p198462692.html?spid=249010704,Laptop HP Pavilion 14-dv2033TU (6K769PA) (i5-1235U | 8GB | 512GB | 14' FHD | Win 11) Hàng chính hãng,18480000,0%,18480000,https://salt.tikicdn.com/cache/280x280/ts/product/0a/11/7c/80ac39926361acc207065de310c36ee1.jpg,0,0,HP,GIA DỤNG VIỆT; Laptop Truyền Thống ;Laptop - Máy Vi Tính - Linh kiện ;Trung Quốc,2024-11-21
195901063,2442931056346,https://tiki.vn/laptop-hp-15s-fq5104tu-i7-1255u-8gb-512gb-win11-6k7e4pa-hang-chinh-hang-p195901063.html?spid=249010235,Laptop HP 15S-FQ5104TU i7-1255U/8GB/512GB/Win11 6K7E4PA - Hàng chính hãng,18600000,0%,18600000,https://salt.tikicdn.com/cache/280x280/ts/product/ef/a2/3c/4ce0d293f23e03351a76e156752eac73.jpg,0,0,HP,GIA DỤNG VIỆT; Laptop Truyền Thống ;Laptop - Máy Vi Tính - Linh kiện ;Trung Quốc,2024-11-21
275850089,5788524466503,https://tiki.vn/laptop-hp-14-ep1011tu-9z2w3pa-core-5-120u-16gb-512gb-ssd-14-inch-fhd-win11-silver-hang-chinh-hang-p275850089.html?spid=275850090,Laptop HP 14 ep1011TU 9Z2W3PA (Core 5 120U/ 16GB/ 512GB SSD/ 14 inch FHD/ Win11/ Silver) - Hàng Chính Hãng,18529000,0%,18529000,https://salt.tikicdn.com/cache/280x280/ts/product/d6/51/c5/cf2f51a09bb3dcfcf888ff2c490e11c6.png,0,0,HP,An Khang Computer; Laptop Truyền Thống ;Laptop - Máy Vi Tính - Linh kiện ;China,2024-11-21
136979185,9513282461916,https://tiki.vn/laptop-hp-14s-dq2545tu-46m23pa--core-i5-1135g7--8gb--256gb--14hd--win10----hang-chinh-hang-p136979185.html?spid=168907673,Laptop HP 14s-dq2545TU 46M23PA (Core i5-1135G7/ 8GB/ 256GB/ 14HD/ Win10) - Hàng Chính Hãng,15990000,0%,15990000,https://salt.tikicdn.com/cache/280x280/ts/product/fd/b0/8a/dfdee1d6003cefd788e01cc1ed57756a.jpg,0,0,HP,AN PHAT COMPUTER; Laptop Truyền Thống ;Laptop - Máy Vi Tính - Linh kiện ;Trung Quốc,2024-11-21
199104980,9032195710758,https://tiki.vn/laptop-hp-240-g9-6l1y1pa-i5-1235u-8gb-ram-256gb-ssd-14-fhd-win11-hang-chinh-hang-p199104980.html?spid=249009800,Laptop HP 240 G9 6L1Y1PA |i5-1235U|8GB RAM |256GB SSD |14"FHD|Win11 - Hàng Chính Hãng,16680000,0%,16680000,https://salt.tikicdn.com/cache/280x280/ts/product/f4/79/e8/82ae0f30b963e0966dc226d4e234b129.jpg,0,0,HP,GIA DỤNG VIỆT; Laptop Truyền Thống ;Laptop - Máy Vi Tính - Linh kiện ;Mỹ,2024-11-21
189588675,6586637321047,https://tiki.vn/laptop-hp-pavilion-15-eg2036tx-6k782pa-i5-1235u-8gb-512gb-mx550-2gb-15-6-fhd-win-11-p189588675.html?spid=249011450,Laptop HP Pavilion 15-eg2036TX 6K782PA i5-1235U|8GB|512GB|MX550 2GB|15.6'' FHD - Hàng chính hãng,19320000,0%,19320000,https://salt.tikicdn.com/cache/280x280/ts/product/30/9c/da/7632961a24c7ba9234b789e700bd681e.png,0,0,HP,GIA DỤNG VIỆT; Laptop Truyền Thống ;Laptop - Máy Vi Tính - Linh kiện ;Mỹ,2024-11-21
198572369,3243811368774,https://tiki.vn/laptop-hp-15s-fq5104tu-6k7e4pa-i7-1255u-8gb-512gb-15-6-hd-win-11-hang-chinh-hang-p198572369.html?spid=249010287,Laptop HP 15s-fq5104TU (6K7E4PA) (i7-1255U | 8GB | 512GB | 15.6' HD | Win 11) Hàng chính hãng,18600000,0%,18600000,https://salt.tikicdn.com/cache/280x280/ts/product/05/a1/30/0a3de701f9e297828afa94d84156ba53.png,0,0,HP,GIA DỤNG VIỆT; Laptop Truyền Thống ;Laptop - Máy Vi Tính - Linh kiện ;Trung Quốc,2024-11-21
225917347,1955197433128,https://tiki.vn/laptop-hp-240-g9-6l1y3pa-i5-1235u-8gb-512gb-vga-mx550-2gb-14-fhd-p225917347.html?spid=225917349,Laptop HP 240 G9 6L1Y3PA i5-1235U | 8GB | 512GB | VGA MX550 2GB | 14' FHD Hàng chính hãng,20290000,0%,20290000,https://salt.tikicdn.com/cache/280x280/ts/product/dd/72/17/4ca7420b3ccd97d610575612785858b2.jpg,0,0,HP,Hangchinhhieu(TP.HCM); Laptop Truyền Thống ;Laptop - Máy Vi Tính - Linh kiện ;Trung Quốc,2024-11-21
167383382,2844624119175,https://tiki.vn/laptop-hp-240-g8-617m3pa-i3-1005g1-4gb-256gb-ssd-14hd-vga-on-win11-silver-hang-chinh-hang-p167383382.html?spid=248802413,Laptop HP 240 G8 617M3PA (i3-1005G1/4GB/256GB SSD/14HD/VGA ON/WIN11/Silver) - Hàng Chính Hãng,11040000,0%,11040000,https://salt.tikicdn.com/cache/280x280/ts/product/94/d0/80/fce0103633abea51a36ede03e0d8cdf7.jpg,0,0,HP,GIA DỤNG VIỆT; Laptop Truyền Thống ;Laptop - Máy Vi Tính - Linh kiện ;Trung Quốc,2024-11-21
213813597,4138200575336,https://tiki.vn/laptop-hp-pavilion-15-eg2035tx-6k781pa-i5-1235u-8gb-512gb-vga-mx550-2gb-w11-p213813597.html?spid=249009147,Laptop HP Pavilion 15-eg2035TX 6K781PA (i5-1235U | 8GB | 512GB | VGA MX550 2GB | W11) Hàng chính hãng,18720000,0%,18720000,https://salt.tikicdn.com/cache/280x280/ts/product/96/45/55/0f1ec73faa0082e5af4eabf829c157f2.jpg,0,0,HP,GIA DỤNG VIỆT; Laptop Truyền Thống ;Laptop - Máy Vi Tính - Linh kiện ;Việt Nam,2024-11-21
274400193,6676544257945,https://tiki.vn/laptop-hp-15-fd-0235tu-9q970pa-core-i5-1334u-16gb-512gb-15-6-inch-fhd-windows-11-natural-silver-hang-chinh-hang-p274400193.html?spid=274400194,Laptop HP 15 fd-0235TU 9Q970PA (Core i5-1334U/ 16GB/ 512GB/15.6 inch FHD/ Windows 11/ Natural silver) - Hàng chính hãng,19090000,0%,19090000,https://salt.tikicdn.com/cache/280x280/ts/product/e6/64/ec/081e7e9e181f568ba24b4a5c1de65e8a.png,0,0,HP,HP Official Store; Laptop Truyền Thống ;Laptop - Máy Vi Tính - Linh kiện ;China,2024-11-21
225917341,8448614298953,https://tiki.vn/laptop-hp-pavilion-15-eg2056tu-6k786pa-i5-1240p-8gb-512gb-15-6-fhd-win-11-p225917341.html?spid=249009277,Laptop HP Pavilion 15-eg2056TU 6K786PA i5-1240P | 8GB | 512GB | 15.6' FHD | Win 11 Hàng chính hãng,18360000,0%,18360000,https://salt.tikicdn.com/cache/280x280/ts/product/7a/da/ae/a84054f1c394e9fab61ec99677ebc21c.jpg,0,0,HP,GIA DỤNG VIỆT; Laptop Truyền Thống ;Laptop - Máy Vi Tính - Linh kiện ;Trung Quốc,2024-11-21
225917298,3236000651978,https://tiki.vn/laptop-hp-340s-g7-224l1pa-i3-1005g1-4gb-512gb-intel-uhd-graphics-14-fhd-win-10-p225917298.html?spid=225917300,Laptop HP 340s G7 224L1PA i3-1005G1 | 4GB | 512GB | Intel UHD Graphics | 14' FHD | Win 10 Hàng chính hãng,13890000,0%,13890000,https://salt.tikicdn.com/cache/280x280/ts/product/dd/0c/51/abd05c640bd55d5ebcce77a872b5def7.jpg,0,0,HP,Hangchinhhieu(TP.HCM); Laptop Truyền Thống ;Laptop - Máy Vi Tính - Linh kiện ;Trung Quốc,2024-11-21
198984680,4105135121588,https://tiki.vn/laptop-hp-pavilion-15-eg2056tu-6k786pa-i5-1240p-8gb-512gb-15-6fhd-intel-iris-xe-w11-p198984680.html?spid=249009274,Laptop HP Pavilion 15-eg2056TU (6K786PA) i5-1240P|8GB|512GB|15.6FHD|Intel Iris Xe|W11 - Hàng Chính Hãng,18360000,0%,18360000,https://salt.tikicdn.com/cache/280x280/ts/product/32/e1/e7/9d99d7e071cfaf8615957e521ca18f92.jpg,0,0,HP,GIA DỤNG VIỆT; Laptop Truyền Thống ;Laptop - Máy Vi Tính - Linh kiện ;Mỹ,2024-11-21
198592225,7651839050610,https://tiki.vn/laptop-hp-240-g9-6l1y1pa-i5-1235u-8gb-256gb-intel-iris-xe-graphics-14-fhd-win-11-hang-chinh-hang-p198592225.html?spid=249009637,Laptop HP 240 G9 6L1Y1PA (i5-1235U | 8GB | 256GB | Intel Iris Xe Graphics | 14' FHD | Win 11) Hàng chính hãng,16680000,0%,16680000,https://salt.tikicdn.com/cache/280x280/ts/product/09/37/09/dc5e97e164cf95711d0868471d750cd0.jpg,0,0,HP,GIA DỤNG VIỆT; Laptop Truyền Thống ;Laptop - Máy Vi Tính - Linh kiện ;Trung Quốc,2024-11-21
275854357,1394965977778,https://tiki.vn/laptop-hp-15-fd1039tu-9z2w7pa-core-7-150u-16gb-512gb-ssd-15-6-inch-fhd-win11-ba-c-hang-chinh-hang-p275854357.html?spid=275854358,Laptop HP 15 fd1039TU 9Z2W7PA (Core 7 150U/ 16GB/ 512GB SSD/ 15.6 inch FHD/ Win11/ Bạc) - Hàng Chính Hãng,21729000,0%,21729000,https://salt.tikicdn.com/cache/280x280/ts/product/72/87/ed/faf092277f44872dace6ae99cf4b0e9f.png,0,0,HP,An Khang Computer; Laptop Truyền Thống ;Laptop - Máy Vi Tính - Linh kiện ;China,2024-11-21
189466548,6864459119446,https://tiki.vn/laptop-hp-15s-fq2663tu-6k796pa-i3-1115g4-4gb-256gb-ssd-15-6-vga-on-win11-silver-hang-chinh-hang-p189466548.html?spid=248802751,Laptop HP 15s-fq2663TU 6K796PA (i3-1115G4/4GB/256GB SSD/15.6/ VGA ON/ Win11/ Silver)-Hàng Chính Hãng,10200000,0%,10200000,https://salt.tikicdn.com/cache/280x280/ts/product/d3/aa/3f/b7909a36b4dd9231450f9415ba3d3924.jpg,0,0,HP,GIA DỤNG VIỆT; Laptop Truyền Thống ;Laptop - Máy Vi Tính - Linh kiện ;Trung Quốc,2024-11-21
225917302,8928708783603,https://tiki.vn/laptop-hp-pavilion-15-eg2064tx-7c0w8pa-i5-1235u-8gb-256gb-mx550-2gb-15-6-fhd-p225917302.html?spid=225917306,Laptop HP Pavilion 15-eg2064TX 7C0W8PA i5-1235U | 8GB | 256GB | MX550 2GB | 15.6' FHD Hàng chính hãng,20390000,0%,20390000,https://salt.tikicdn.com/cache/280x280/ts/product/94/a4/01/d68804280fc72b2ff1c8a449e6ff5b18.jpg,0,0,HP,Hangchinhhieu(TP.HCM); Laptop Truyền Thống ;Laptop - Máy Vi Tính - Linh kiện ;Trung Quốc,2024-11-21
127363787,2784675907230,https://tiki.vn/laptop-hp-240-g8-519a4pa-core-i3-1005g1-4-gb-ddr4-256-gb-ssd-pcie-nvme-14-fhd-win10-hang-chinh-hang-p127363787.html?spid=248802573,Laptop HP 240 G8 519A4PA (Core i3-1005G1/ 4 GB DDR4/ 256 GB SSD PCIe NVMe/ 14 FHD/ Win10) - Hàng Chính Hãng,11040000,0%,11040000,https://salt.tikicdn.com/cache/280x280/ts/product/f9/62/fc/cd981924af9539901eed49a9f3e2481d.jpg,0,0,HP,GIA DỤNG VIỆT; Laptop Truyền Thống ;Laptop - Máy Vi Tính - Linh kiện ;Trung Quốc,2024-11-21
206307542,5378734327960,https://tiki.vn/laptop-hp-pavilion-15-eg2058tu-6k788pa-i5-1240p-8gb-256gb-intel-iris-xe-graphics-15-6-fhd-win-11-hang-chinh-hang-p206307542.html?spid=203972134,Laptop HP Pavilion 15-eg2058TU (6K788PA) (i5-1240P | 8GB | 256GB | Intel Iris Xe Graphics | 15.6' FHD | Win 11) Hàng chính hãng,14850000,0%,14850000,https://salt.tikicdn.com/cache/280x280/ts/product/3f/a6/a4/140ce4c6780c706edcfdcabcf61950b0.png,0,0,HP,Vi Tính Bảo An; Laptop Truyền Thống ;Laptop - Máy Vi Tính - Linh kiện ;Trung Quốc,2024-11-21
248807159,8432805671441,https://tiki.vn/laptop-hp-15s-fq2711tu-i3-1115g4-8gb-256gb-15-6-fhd-win-11-7c0r6pa-vang-hang-chinh-hang-p248807159.html?spid=248807272,Laptop HP 15s fq2711TU i3 1115G4/8GB/256GB/15.6"FHD/Win 11 (7C0R6PA) Vàng - Hàng Chính Hãng,11760000,0%,11760000,https://salt.tikicdn.com/cache/280x280/ts/product/20/84/e0/1e77771c52b1a14c2cce1f85ff84a7e5.png,0,0,HP,GIA DỤNG VIỆT; Laptop Truyền Thống ;Laptop - Máy Vi Tính - Linh kiện ;Trung Quốc,2024-11-21
275854376,8322466167136,https://tiki.vn/laptop-hp-15-fd1043tu-9z2w9pa-core-5-120u-16gb-1tb-ssd-15-6-inch-fhd-win11-ba-c-hang-chinh-hang-p275854376.html?spid=275854377,Laptop HP 15 fd1043TU 9Z2W9PA (Core 5 120U/ 16GB/ 1TB SSD/ 15.6 inch FHD/ Win11/ Bạc) - Hàng Chính Hãng,19799000,0%,19799000,https://salt.tikicdn.com/cache/280x280/ts/product/0b/b5/88/7a745e1be60d35000868ec8e99ab96ae.png,0,0,HP,An Khang Computer; Laptop Truyền Thống ;Laptop - Máy Vi Tính - Linh kiện ;China,2024-11-21
275786120,2040019998714,https://tiki.vn/laptop-asus-tuf-gaming-f15-fx507zc4-i5-12500h-16gb-1tb-4gb-rtx3050-144hz-win11-hn229w-hang-chinh-hang-p275786120.html?spid=275786121,Laptop Asus TUF Gaming F15 FX507ZC4 i5 12500H/16GB/1TB/4GB RTX3050/144Hz/Win11 (HN229W) - Hàng Chính Hãng,25990000,0%,25990000,https://salt.tikicdn.com/cache/280x280/ts/product/4d/bc/18/bf6f3d33fb8efc7c2ae935d1198ef81a.jpg,0,0,Asus,Thế Giới Di Động Official; Laptop Truyền Thống ;Laptop - Máy Vi Tính - Linh kiện ;Trung Quốc,2024-11-21
276365787,8963498014443,https://tiki.vn/laptop-asus-expertbook-b1-b1402cva-nk0176w-intel-core-i5-1335u-512gb-16gb-intel-uhd-14-inch-fhd-win-11-den-hang-chinh-hang-p276365787.html?spid=276365788,Laptop ASUS ExpertBook B1 B1402CVA-NK0176W (Intel Core i5-1335U | 512GB | 16GB | Intel UHD | 14 inch FHD | Win 11 | Đen) - HÀNG CHÍNH HÃNG,14490000,0%,14490000,https://salt.tikicdn.com/cache/280x280/ts/product/ee/39/37/5279b407570d749ec67f1333a7b3edfa.jpg,0,0,Asus,An Khang Computer; Laptop Truyền Thống ;Laptop - Máy Vi Tính - Linh kiện ;China,2024-11-21
189697988,9236847498026,https://tiki.vn/laptop-hp-pavilion-15-eg2056tu-6k786pa-i5-1240p-8gb-512gb-intel-iris-xe-graphics-15-6-fhd-win-11-hang-chinh-hang-p189697988.html?spid=249009272,Laptop HP Pavilion 15-eg2056TU (6K786PA) (i5-1240P | 8GB | 512GB | Intel Iris Xe Graphics | 15.6' FHD | Win 11) Hàng chính hãng,18360000,0%,18360000,https://salt.tikicdn.com/cache/280x280/ts/product/f3/69/6b/2069324e593b230b30cc8d01ee5addca.png,0,0,HP,GIA DỤNG VIỆT; Laptop Truyền Thống ;Laptop - Máy Vi Tính - Linh kiện ;Trung Quốc,2024-11-21
189387430,1421644237932,https://tiki.vn/laptop-hp-pavilion-14-dv2033tu-6k769pa-i5-1235u-8gb-512gb-ssd-14fhd-vga-on-win11-gold-p189387430.html?spid=248802406,Laptop HP Pavilion 14-dv2033TU 6K769PA (i5-1235U/ 8Gb/ 512GB SSD/ 14FHD/ VGA ON/ Win11/ Gold) - Hàng Chính Hãng,18480000,0%,18480000,https://salt.tikicdn.com/cache/280x280/ts/product/8c/5f/38/89094d340533d35bed8acdd054886157.jpg,0,0,HP,GIA DỤNG VIỆT; Laptop Truyền Thống ;Laptop - Máy Vi Tính - Linh kiện ;Trung Quốc / Singapore / Việt Nam,2024-11-21
276365829,1575240992512,https://tiki.vn/laptop-asus-vivobook-go-15-e1504fa-nj454w-ryzen-5-7520u-16gb-512gb-15-6-inch-fhd-amd-radeon-graphics-win-11-bac-hang-chinh-hang-p276365829.html?spid=276365830,Laptop Asus Vivobook Go 15 E1504FA-NJ454W (Ryzen 5 7520U | 16GB | 512GB | 15.6 inch FHD | AMD Radeon Graphics | Win 11 | Bạc) - HÀNG CHÍNH HÃNG,12590000,0%,12590000,https://salt.tikicdn.com/cache/280x280/ts/product/17/4c/f8/4845fd322e80b270b7f1a21f9b65da76.jpg,0,0,Asus,An Khang Computer; Laptop Truyền Thống ;Laptop - Máy Vi Tính - Linh kiện ;China,2024-11-21
276365940,7057153076969,https://tiki.vn/laptop-asus-vivobook-14-x1404za-nk389w-intel-core-i7-1255u-16gb-512gb-intel-iris-xe-14-inch-fhd-win-11-bac-hang-chinh-hang-p276365940.html?spid=276365941,Laptop Asus Vivobook 14 X1404ZA-NK389W (Intel Core i7-1255U | 16GB | 512GB | Intel Iris Xe | 14 inch FHD | Win 11 | Bạc) - HÀNG CHÍNH HÃNG,15690000,0%,15690000,https://salt.tikicdn.com/cache/280x280/ts/product/61/6e/e8/febc6a47b21fe4906415dd09894cfb94.jpg,0,0,Asus,An Khang Computer; Laptop Truyền Thống ;Laptop - Máy Vi Tính - Linh kiện ;China,2024-11-21
189696547,9902541079507,https://tiki.vn/laptop-hp-pavilion-15-eg2036tx-6k782pa-i5-1235u-8gb-512gb-vga-mx550-2gb-15-6-fhd-win-11-hang-chinh-hang-p189696547.html?spid=249011627,Laptop HP Pavilion 15-eg2036TX (6K782PA) (i5-1235U  8GB  512GB  VGA MX550 2GB  15.6' FHD  Win 11) Hàng chính hãng,19320000,0%,19320000,https://salt.tikicdn.com/cache/280x280/ts/product/63/8f/34/7af58ee482a00122dad5e87f58b59ff2.png,0,0,HP,GIA DỤNG VIỆT; Laptop Truyền Thống ;Laptop - Máy Vi Tính - Linh kiện ;Trung Quốc,2024-11-21
275798400,1819738307713,https://tiki.vn/laptop-hp-elitebook-640-g10-873g2pa-intel-core-i5-1335u-8gb-512gb-intel-iris-xe-14-inch-fhd-win-11-bac-hang-chinh-hang-p275798400.html?spid=275798403,Laptop HP EliteBook 640 G10 873G2PA (Intel Core i5-1335U | 8GB | 512GB | Intel Iris Xe | 14 inch FHD | Win 11 | Bạc) - Hàng Chính Hãng,25990000,24%,19749000,https://salt.tikicdn.com/cache/280x280/ts/product/a8/fe/28/cbe65a43b87b36f37a17cc7d364f19c9.png,0,0,HP,An Khang Computer; Laptop Truyền Thống ;Laptop - Máy Vi Tính - Linh kiện ;China,2024-11-21
272828266,9532741402178,https://tiki.vn/laptop-asus-vivobook-go-14-e1404fa-nk177w-ryzen-5-7520u-16gb-512gb-14-inch-fhd-amd-radeon-graphics-win-11-bac-hang-chinh-hang-p272828266.html?spid=272828267,Laptop Asus Vivobook Go 14 E1404FA-NK177W (Ryzen 5 7520U | 16GB | 512GB | 14 inch FHD | AMD Radeon Graphics | Win 11 | Bạc) - Hàng Chính Hãng,12250000,0%,12250000,https://salt.tikicdn.com/cache/280x280/ts/product/85/45/9b/5fb899d41a0f8d927c64f126794bc312.png,0,0,Asus,An Khang Computer; Laptop Truyền Thống ;Laptop - Máy Vi Tính - Linh kiện ;China,2024-11-21
160445997,5692073291811,https://tiki.vn/laptop-asus-vivobook-15-r565ea-uh51t-i5-1135g7-8g-256gb-pcie-15-6-fhd-cam-ung-win10-xam-hang-nhap-khau-chinh-hang-p160445997.html?spid=225195011,Laptop Asus Vivobook 15 R565EA UH51T (I5-1135G7/ 8G/ 256GB PCIE/ 15.6 FHD/ CẢM ỨNG/ WIN10/ XÁM) - Hàng Nhập Khẩu Chính Hãng,16020000,0%,16020000,https://salt.tikicdn.com/cache/280x280/ts/product/2e/65/61/62692ccf5b7db3bdabd8aa437f0f7298.jpg,0,0,Asus,GIA DỤNG VIỆT; Laptop Truyền Thống ;Laptop - Máy Vi Tính - Linh kiện ;Trung Quốc,2024-11-21
155974507,1683675115955,https://tiki.vn/laptop-hp-14s-fq1080au-4k0z7pa-amd-r3-5300u-4gb-ddr4-256gb-ssd-14-hd-win10-hang-chinh-hang-p155974507.html?spid=168908856,Laptop HP 14s-fq1080AU 4K0Z7PA (AMD R3-5300U/ 4GB DDR4/ 256GB SSD/ 14 HD/ Win 11) - Hàng Chính Hãng,14250000,0%,14250000,https://salt.tikicdn.com/cache/280x280/ts/product/1e/34/b4/006756d8e30705198fe156e235689321.jpg,0,0,HP,AN PHAT COMPUTER; Laptop Truyền Thống ;Laptop - Máy Vi Tính - Linh kiện ;Trung Quốc,2024-11-21
189695021,4543020398190,https://tiki.vn/laptop-hp-pavilion-15-eg2035tx-6k781pa-i5-1235u-8gb-512gb-vga-mx550-2gb-15-6-fhd-win-11-hang-chinh-hang-p189695021.html?spid=249009143,Laptop HP Pavilion 15-eg2035TX 6K781PA (i5-1235U | 8GB | 512GB | VGA MX550 2GB | 15.6' FHD | Win 11) Hàng chính hãng,18720000,0%,18720000,https://salt.tikicdn.com/cache/280x280/ts/product/f3/69/6b/bd336069b0e7f31185362a1c5d21f30f.png,0,0,HP,GIA DỤNG VIỆT; Laptop Truyền Thống ;Laptop - Máy Vi Tính - Linh kiện ;Trung Quốc,2024-11-21
276365776,7142629787329,https://tiki.vn/laptop-asus-expertbook-b1-b1402cva-nk0062w-intel-core-i5-1335u-8gb-512gb-intel-uhd-graphics-14-inch-fhd-windows-11-den-hang-chinh-hang-p276365776.html?spid=276365777,Laptop ASUS ExpertBook B1 B1402CVA-NK0062W (Intel Core i5-1335U | 8GB | 512GB | Intel UHD Graphics | 14 inch FHD | Windows 11 | Đen) - HÀNG CHÍNH HÃNG,13450000,0%,13450000,https://salt.tikicdn.com/cache/280x280/ts/product/37/1e/be/d354c6cbec1a6a235f8b2e13a1205904.jpg,0,0,Asus,An Khang Computer; Laptop Truyền Thống ;Laptop - Máy Vi Tính - Linh kiện ;China,2024-11-21
276365953,9182286463334,https://tiki.vn/laptop-asus-vivobook-15-x1504za-nj517w-intel-core-i5-1235u-16gb-512gb-intel-iris-xe-15-6-inch-fhd-win-11-bac-hang-chinh-hang-p276365953.html?spid=276365955,Laptop Asus Vivobook 15 X1504ZA-NJ517W (Intel Core i5-1235U | 16GB | 512GB | Intel Iris Xe | 15.6 inch FHD | Win 11 | Bạc) - HÀNG CHÍNH HÃNG,14250000,0%,14250000,https://salt.tikicdn.com/cache/280x280/ts/product/2e/cb/57/0d1f50fb53d16b538acf193b9e9509c2.jpg,0,0,Asus,An Khang Computer; Laptop Truyền Thống ;Laptop - Máy Vi Tính - Linh kiện ;China,2024-11-21
190725443,7220153941394,https://tiki.vn/laptop-hp-pavilion-15-eg2035tx-i5-1235u-8gb-512gb-2gb-mx550-15-6-f-win11-6k781pa-vang-hang-chinh-hang-p190725443.html?spid=248802725,Laptop HP Pavilion 15 eg2035TX i5 1235U/8GB/512GB/2GB MX550/15.6"F/Win11/(6K781PA)/Vàng - Hàng chính hãng,18720000,0%,18720000,https://salt.tikicdn.com/cache/280x280/ts/product/91/b0/7c/9646c81b0c4fbcca635e66391703d8f2.jpg,0,0,HP,GIA DỤNG VIỆT; Laptop Truyền Thống ;Laptop - Máy Vi Tính - Linh kiện ;Trung Quốc,2024-11-21
275786096,7141588584527,https://tiki.vn/laptop-hp-gaming-victus-15-fb1022ax-r5-7535hs-16gb-512gb-4gb-rtx2050-144hz-win11-94f19pa-hang-chinh-hang-p275786096.html?spid=275786097,Laptop HP Gaming VICTUS 15 fb1022AX R5 7535HS/16GB/512GB/4GB RTX2050/144Hz/Win11 (94F19PA) - Hàng Chính Hãng,25490000,27%,18590000,https://salt.tikicdn.com/cache/280x280/ts/product/92/8a/8e/2fbac9f69ec8d7ff118fefceaa901672.jpg,0,0,HP,Thế Giới Di Động Official; Laptop Truyền Thống ;Laptop - Máy Vi Tính - Linh kiện ;Trung Quốc,2024-11-21
276365999,1671140841786,https://tiki.vn/laptop-asus-vivobook-14-oled-a1405za-km263w-i7-12700h-16gb-512gb-ssd-14-inch-2-8k-win11-silver-hang-chinh-hang-p276365999.html?spid=276366000,Laptop Asus Vivobook 14 OLED A1405ZA-KM263W (i7 12700H/ 16GB/ 512GB SSD/ 14 inch 2.8K/ Win11/ Silver) - HÀNG CHÍNH HÃNG,18390000,0%,18390000,https://salt.tikicdn.com/cache/280x280/ts/product/21/6a/77/1155babc9e656860a8c911a492b46880.jpg,0,0,Asus,An Khang Computer; Laptop Truyền Thống ;Laptop - Máy Vi Tính - Linh kiện ;China,2024-11-21
247719163,9454375054810,https://tiki.vn/laptop-asus-expertbook-b1400-chip-intel-core-i5-1235u-ram-8gb-ssd-512gb-nvme-14-full-hd-bao-mat-van-tay-bao-mat-tpm-2-0-do-ben-chuan-quan-doi-us-hang-chinh-hang-p247719163.html?spid=247719167,Laptop Asus ExpertBook B1400 (Chip Intel Core i5-1235U | RAM 8GB | SSD 512GB NVMe | 14' Full HD | Bảo mật vân tay | Bảo mật TPM 2.0 | Độ bền chuẩn quân đội US) - Hàng Chính Hãng,20999000,24%,15890000,https://salt.tikicdn.com/cache/280x280/ts/product/cb/a0/81/bb35665a854fae2122f16b1acac7283e.png,5,1,Asus,ThuanThienTs; Laptop Truyền Thống ;Laptop - Máy Vi Tính - Linh kiện ;Trung Quốc,2024-11-21
275854386,7480120144191,https://tiki.vn/laptop-hp-15-fd1045tu-9z2x1pa-core-5-120u-16gb-512gb-ssd-15-6-inch-fhd-win11-ba-c-hang-chinh-hang-p275854386.html?spid=275854387,Laptop HP 15 fd1045TU 9Z2X1PA (Core 5 120U/ 16GB/ 512GB SSD/ 15.6 inch FHD/ Win11/ Bạc) - Hàng Chính Hãng,18729000,0%,18729000,https://salt.tikicdn.com/cache/280x280/ts/product/17/93/c9/92ea6fef866fb2a67c549c959384cdf3.png,0,0,HP,An Khang Computer; Laptop Truyền Thống ;Laptop - Máy Vi Tính - Linh kiện ;China,2024-11-21
275850072,5329427034198,https://tiki.vn/laptop-hp-14-ep0110tu-8c5k9pa-intel-core-i7-1355u-16gb-512gb-intel-iris-xe-14-inch-fhd-win-11-bac-hang-chinh-hang-p275850072.html?spid=275850073,Laptop HP 14-ep0110TU 8C5K9PA (Intel Core i7-1355U | 16GB | 512GB | Intel Iris Xe | 14 inch FHD | Win 11 | Bạc) - Hàng Chính Hãng,19699000,0%,19699000,https://salt.tikicdn.com/cache/280x280/ts/product/9f/1c/27/24a8324d4400481d941b0b8d1ba7d8a7.png,0,0,HP,An Khang Computer; Laptop Truyền Thống ;Laptop - Máy Vi Tính - Linh kiện ;China,2024-11-21
273949286,2032558437950,https://tiki.vn/laptop-asus-expertbook-b1502cba-b1502-b1502cv-intel-core-i5-1335u-ram-8gb-512gb-ssd-intel-uhd-graphics-15-6-inch-full-hd-win-11-ban-quyen-hang-chinh-hang-p273949286.html?spid=273949287,Laptop Asus Expertbook B1502 - B1502CV (Intel Core i5-1335U | RAM 8GB | 512GB SSD | Intel UHD Graphics | 15.6 inch Full HD | Win 11 bản quyền) - Hàng Chính Hãng,22900000,38%,14190000,https://salt.tikicdn.com/cache/280x280/ts/product/c3/38/e0/78676b0c573733c58a097aaa70a97d37.jpg,0,0,Asus,ThuanThienTs; Laptop Truyền Thống ;Laptop - Máy Vi Tính - Linh kiện ;Trung Quốc,2024-11-21
276366073,5005879796561,https://tiki.vn/laptop-asus-vivobook-15-oled-a1505va-l1341w-core-i5-13500h-16gb-512gb-intel-iris-x-15-6inch-fhd-oled-win-11-den-hang-chinh-hang-p276366073.html?spid=276366074,Laptop ASUS Vivobook 15 OLED A1505VA-L1341W (Core i5-13500H | 16GB | 512GB | Intel Iris Xᵉ | 15.6inch FHD OLED | Win 11 | Đen) - HÀNG CHÍNH HÃNG,17490000,0%,17490000,https://salt.tikicdn.com/cache/280x280/ts/product/27/92/11/c124646849b2f0ebc94443f4bae33379.jpg,0,0,Asus,An Khang Computer; Laptop Truyền Thống ;Laptop - Máy Vi Tính - Linh kiện ;China,2024-11-21
213818760,8112074993532,https://tiki.vn/laptop-hp-pavilion-15-eg2036tx-6k782pa-i5-1235u-8gb-512gb-vga-mx550-2gb-15-6-fhd-win-11-p213818760.html?spid=249011630,Laptop HP Pavilion 15-eg2036TX 6K782PA (i5-1235U 8GB 512GB VGA MX550 2GB 15.6' FHD Win 11) Hàng chính hãng,19320000,0%,19320000,https://salt.tikicdn.com/cache/280x280/ts/product/2a/c6/4e/990909ee5fcea91c5619cf89e3008269.jpg,0,0,HP,GIA DỤNG VIỆT; Laptop Truyền Thống ;Laptop - Máy Vi Tính - Linh kiện ;Việt Nam,2024-11-21
130470405,1973257066498,https://tiki.vn/laptop-hp-240-g8-519a7pa-core-i3-1005g1-4gb-ddr4-2666mhz-256gb-ssd-pcie-nvme-14-fhd-win10-hang-chinh-hang-p130470405.html?spid=248802519,Laptop HP 240 G8 519A7PA (Core i3-1005G1/ 4GB DDR4 2666MHz/ 256GB SSD PCIe NVMe/ 14 FHD/ Win10) - Hàng Chính Hãng,11040000,0%,11040000,https://salt.tikicdn.com/cache/280x280/ts/product/4f/7d/3f/7cd81ff3a4af2a996815255f20b93972.jpg,0,0,HP,GIA DỤNG VIỆT; Laptop Truyền Thống ;Laptop - Máy Vi Tính - Linh kiện ;Trung Quốc,2024-11-21
248913500,9833503138238,https://tiki.vn/laptop-hp-15s-fq4006tu-4x754pa-15-6-fhd-core-i7-1195g7-8gb-ram-256gb-ssd-win-11-natural-silver-hang-chinh-hang-p248913500.html?spid=248913501,Laptop HP 15S-FQ4006TU (4X754PA) 15.6" FHD  Core i7-1195G7 8GB RAM 256GB SSD Win 11 Natural Silver - Hàng Chính Hãng,18360000,0%,18360000,https://salt.tikicdn.com/cache/280x280/ts/product/bd/eb/b9/3bdd9e232df7f3783c3160fe0ccce998.png,0,0,HP,GIA DỤNG VIỆT; Laptop Truyền Thống ;Laptop - Máy Vi Tính - Linh kiện ;Trung Quốc,2024-11-21
189466838,2438126909021,https://tiki.vn/hp-15s-fq5104tu-6k7e4pa-i7-1255u-8gb-512gb-intel-iris-xe-graphics-15-6-hd-win-11-p189466838.html?spid=248802480,Laptop HP 15s-fq5104TU 6K7E4PA (i7-1255U | 8GB | 512GB | Intel Iris Xe Graphics | 15.6' HD | Win 11) - Hàng Chính Hãng,18600000,0%,18600000,https://salt.tikicdn.com/cache/280x280/ts/product/82/68/1b/54cdaddabdec025cc931de70884fa503.jpg,0,0,HP,GIA DỤNG VIỆT; Laptop Truyền Thống ;Laptop - Máy Vi Tính - Linh kiện ;Trung Quốc,2024-11-21
275786110,7271803134428,https://tiki.vn/laptop-hp-gaming-victus-15-fa1139tx-i5-12450h-16gb-512gb-4gb-rtx2050-144hz-win11-8y6w3pa-hang-chinh-hang-p275786110.html?spid=275786111,Laptop HP Gaming VICTUS 15 fa1139TX i5 12450H/16GB/512GB/4GB RTX2050/144Hz/Win11 (8Y6W3PA) - Hàng Chính Hãng,24590000,23%,18990000,https://salt.tikicdn.com/cache/280x280/ts/product/61/b8/4f/8fe84df4fa39c1a02b7bcad8d660d2fd.jpg,0,0,HP,Thế Giới Di Động Official; Laptop Truyền Thống ;Laptop - Máy Vi Tính - Linh kiện ;Trung Quốc,2024-11-21
199692559,6948646109561,https://tiki.vn/laptop-hp-15s-fq5080tu-6k7a0pa-i5-1235u-8gb-256gb-intel-iris-xe-graphics-15-6-fhd-win-11-hang-chinh-hang-p199692559.html?spid=249011320,Laptop HP 15s-fq5080TU (6K7A0PA) (i5-1235U | 8GB | 256GB | Intel Iris Xe Graphics | 15.6' FHD | Win 11) - Hàng Chính Hãng,16200000,0%,16200000,https://salt.tikicdn.com/cache/280x280/ts/product/ea/64/ca/b059dfbfd22d7ca144ae9d7a4067d0e4.jpg,0,0,HP,GIA DỤNG VIỆT; Laptop Truyền Thống ;Laptop - Máy Vi Tính - Linh kiện ;Trung Quốc / Singapore / Việt Nam,2024-11-21
275850110,3341202622302,https://tiki.vn/laptop-hp-elitebook-630-g10-9j0b3pt-i5-1335u-8gb-512gb-ssd-13-3-inch-fhd-win11-silver-vo-nhom-hang-chinh-hang-p275850110.html?spid=275850111,Laptop HP EliteBook 630 G10 9J0B3PT (i5 1335U/ 8GB/ 512GB SSD/13.3 inch FHD/Win11/ Silver/ Vỏ nhôm) - Hàng Chính Hãng,19969000,0%,19969000,https://salt.tikicdn.com/cache/280x280/ts/product/ac/ed/15/c7847e98527242dba0721bbb18cfeb8c.png,0,0,HP,An Khang Computer; Laptop Truyền Thống ;Laptop - Máy Vi Tính - Linh kiện ;China,2024-11-21
275852953,1358745360387,https://tiki.vn/laptop-hp-pavilion-15-eg3095tu-8c5l6pa-i5-1335u-8gb-512gb-ssd-15-6-inch-fhd-win11-silver-vo-nhom-hang-chinh-hang-p275852953.html?spid=275852956,Laptop HP Pavilion 15-eg3095TU 8C5L6PA (i5 1335U/ 8GB/ 512GB SSD/15.6 inch FHD/Win11/ Silver/ Vỏ nhôm) - Hàng Chính Hãng,17290000,0%,17290000,https://salt.tikicdn.com/cache/280x280/ts/product/6d/27/d5/7ad8bc14f5535c633da2c1e7cee4c1cb.png,0,0,HP,An Khang Computer; Laptop Truyền Thống ;Laptop - Máy Vi Tính - Linh kiện ;China,2024-11-21
275382480,2480729978404,https://tiki.vn/laptop-hp-probook-440-g10-873b1pa-i5-1340p-8gb-ram-512gb-ssd-14-fhd-cam-ung-win11-bac-hang-chinh-hang-bao-hanh-12-thang-p275382480.html?spid=275382483,LAPTOP HP PROBOOK 440 G10 (873B1PA) (I5 1340P/8GB RAM/512GB SSD/14 FHD CẢM ỨNG/WIN11/BẠC) - Hàng Chính Hãng - Bảo Hành 12 Tháng,22690000,14%,19589000,https://salt.tikicdn.com/cache/280x280/ts/product/7a/8c/49/769235be295bc27dc8dca20f664bb5b1.jpeg,0,0,HP,An Khang Computer; Laptop Truyền Thống ;Laptop - Máy Vi Tính - Linh kiện ;China,2024-11-21
275853281,1899142267316,https://tiki.vn/laptop-hp-pavilion-15-eg3094tu-8c5l5pa-i5-1335u-8gb-512gb-ssd-15-6-inch-fhd-win11-gold-vo-nhom-hang-chinh-hang-p275853281.html?spid=275853282,Laptop HP Pavilion 15-eg3094TU 8C5L5PA (i5 1335U/ 8GB/ 512GB SSD/15.6 inch FHD/Win11/ Gold/ Vỏ nhôm) - Hàng Chính Hãng,16799000,0%,16799000,https://salt.tikicdn.com/cache/280x280/ts/product/40/b6/40/728fec60882330c17ba85c1f56db41b8.png,0,0,HP,An Khang Computer; Laptop Truyền Thống ;Laptop - Máy Vi Tính - Linh kiện ;China,2024-11-21
273379339,5462568871658,https://tiki.vn/laptop-hp-pavilion-15-eg3094tu-8c5l5pa-core-i5-1335u-8gb-512gb-intel-iris-xe-15-6-inch-fhd-windows-11-hang-chinh-hang-p273379339.html?spid=273379340,Laptop HP Pavilion 15-eg3094TU 8C5L5PA (Core i5-1335U | 8GB | 512GB | Intel Iris Xe | 15.6 inch FHD | Windows 11) - Hàng Chính Hãng,21190000,0%,21190000,https://salt.tikicdn.com/cache/280x280/ts/product/60/07/bf/cb9da62bd53967c08862ceee3d91cc0b.png,0,0,HP,An Khang Computer; Laptop Truyền Thống ;Laptop - Máy Vi Tính - Linh kiện ;China,2024-11-21
271389249,9702817605428,https://tiki.vn/laptop-hp-elite-x360-830-g10-876c5pa-intel-core-i7-1355u-16gb-512gb-intel-iris-xe-13-3-inch-wuxga-win-11-bac-hang-chinh-hang-p271389249.html?spid=271389250,Laptop HP Elite x360 830 G10 876C5PA (Intel Core i7-1355U | 16GB | 512GB | Intel Iris Xe | 13.3 inch WUXGA | Win 11 | Bạc) - Hàng Chính Hãng,43990000,0%,43990000,https://salt.tikicdn.com/cache/280x280/ts/product/d7/db/b0/44f5d46867057a369b85d697d70d0931.png,0,0,HP,HP Official Store; Laptop Truyền Thống ;Laptop - Máy Vi Tính - Linh kiện ;Trung Quốc,2024-11-21
275850162,7401523001471,https://tiki.vn/laptop-hp-envy-x360-14-fc0083tu-a19bspa-ultra-7-155u-32gb-1tb-ssd-14-0inch-oled-touch-win11-blue-vo-nhom-pen-hang-chinh-hang-p275850162.html?spid=275850163,Laptop HP Envy x360 14-fc0083TU A19BSPA (Ultra 7 155U/ 32GB/ 1TB SSD/ 14.0inch OLED Touch/ Win11/ Blue/ Vỏ nhôm/ Pen) - Hàng Chính Hãng,34259000,0%,34259000,https://salt.tikicdn.com/cache/280x280/ts/product/fc/12/6d/ccc5e0eec0a6ed181cf74855dfb298df.png,0,0,HP,An Khang Computer; Laptop Truyền Thống ;Laptop - Máy Vi Tính - Linh kiện ;China,2024-11-21
275852844,1271006534359,https://tiki.vn/laptop-hp-pavilion-15-eg3091tu-8c5l2pa-i7-1355u-16gb-512gb-ssd-15-6-inch-fhd-win11-gold-vo-nhom-hang-chinh-hang-p275852844.html?spid=275852845,Laptop HP Pavilion 15-eg3091TU 8C5L2PA (i7 1355U/ 16GB/ 512GB SSD/15.6 inch FHD/Win11/ Gold/ Vỏ nhôm) - Hàng Chính Hãng,23019000,0%,23019000,https://salt.tikicdn.com/cache/280x280/ts/product/7c/c9/3b/86cef58040c45f2db92fb288277627af.png,0,0,HP,An Khang Computer; Laptop Truyền Thống ;Laptop - Máy Vi Tính - Linh kiện ;China,2024-11-21
252172436,8746701926798,https://tiki.vn/laptop-hp-15-dw3033dx-405f6ua-core-i3-1115g4-8gb-ram-256gb-ssd-nvme-15-6-inch-fhd-bt-win10s-silver-hang-nhap-khau-p252172436.html?spid=252172437,Laptop HP 15-DW3033dx (405F6UA) (Core i3-1115G4  8GB Ram  256GB SSD NVme  15.6 inch FHD  BT  Win10S  Silver - Hàng Nhập Khẩu,11640000,0%,11640000,https://salt.tikicdn.com/cache/280x280/ts/product/fa/cf/d5/18e6e36a2e4f95e45f01ced34835e399.jpg,0,0,HP,GIA DỤNG VIỆT; Laptop Truyền Thống ;Laptop - Máy Vi Tính - Linh kiện ;Trung Quốc,2024-11-21
275850178,3991555796929,https://tiki.vn/laptop-hp-envy-x360-14-fc0086tu-a19bwpa-ultra7-155u-32gb-ram-512gb-ssd-14-2-8k-cam-ung-but-win11-bac-hang-chinh-hang-p275850178.html?spid=275850179,Laptop HP Envy X360 14-fc0086TU (A19BWPA) (Ultra7 155U/32GB RAM/512GB SSD/14 2.8K Cảm ứng/Bút/Win11/Bạc) - Hàng Chính Hãng,32969000,0%,32969000,https://salt.tikicdn.com/cache/280x280/ts/product/6a/32/2a/5c178a384b872d93e1d0f71adba6db2a.png,0,0,HP,An Khang Computer; Laptop Truyền Thống ;Laptop - Máy Vi Tính - Linh kiện ;China,2024-11-21
